Timestamp,Machine ID,Operator ID,Engine Hours,Fuel Used (L),Fuel Level (%),Load Cycles,Idling Time (min),Seatbelt Status,Safety Alert Triggered,Engine Temp (C),Ambient Temp (C),Proximity Event,Transmission Temp (C),Track Tension (%),Undercarriage Wear (%),Hydraulic Temp (C),Hydraulic Pressure (bar),Payload (kg),Tyre Pressure (psi)
2025-05-01 07:00:00,DZR001,OP1002,2021.0,2.9,81.8,0,24,Fastened,No,79.3,15.9,No,78.0,68.1,47.7,,,,
2025-05-01 07:00:00,EXC001,OP1001,1181.0,7.3,79.8,8,9,Fastened,No,74.1,14.9,No,,83.8,,65.5,283.0,,
2025-05-01 07:00:00,LDR001,OP1002,691.0,4.8,97.0,11,9,Fastened,No,80.4,17.1,No,72.9,,,,,5240,70.3
2025-05-01 08:00:00,DZR001,OP1002,2022.0,5.0,80.6,10,3,Fastened,No,75.4,18.6,No,76.2,55.1,48.3,,,,
2025-05-01 08:00:00,EXC001,OP1001,1182.0,6.2,78.3,18,4,Fastened,No,82.7,20.7,No,,64.1,,79.7,271.2,,
2025-05-01 08:00:00,LDR001,OP1002,692.0,4.1,96.0,18,5,Fastened,No,85.9,19.7,No,79.6,,,,,5771,70.0
2025-05-01 09:00:00,DZR001,OP1002,2023.0,6.5,79.0,11,9,Fastened,No,82.5,22.6,No,78.8,58.2,48.2,,,,
2025-05-01 09:00:00,EXC001,OP1001,1183.0,6.6,76.7,6,7,Fastened,No,83.9,24.6,No,,69.4,,74.7,308.0,,
2025-05-01 09:00:00,LDR001,OP1002,693.0,5.5,94.6,15,7,Fastened,No,87.8,24.8,No,88.9,,,,,5660,68.0
2025-05-01 10:00:00,DZR001,OP1002,2024.0,2.5,78.4,0,23,Fastened,No,80.0,26.1,No,79.6,80.8,48.9,,,,
2025-05-01 10:00:00,EXC001,OP1001,1184.0,5.8,75.3,10,8,Fastened,No,81.3,27.0,No,,84.7,,74.6,250.6,,
2025-05-01 10:00:00,LDR001,OP1002,694.0,6.6,93.0,18,8,Fastened,No,85.8,28.0,No,79.6,,,,,4385,70.5
2025-05-01 11:00:00,DZR001,OP1002,2025.0,7.1,76.7,9,10,Fastened,No,86.3,31.4,No,88.5,72.5,48.7,,,,
2025-05-01 11:00:00,EXC001,OP1001,1185.0,1.4,75.0,0,25,Fastened,No,88.5,33.6,No,,68.5,,81.3,302.9,,
2025-05-01 11:00:00,LDR001,OP1002,695.0,6.8,91.4,18,5,Fastened,No,91.3,30.7,No,83.2,,,,,5029,65.7
2025-05-01 12:00:00,DZR001,OP1002,2026.0,7.4,74.9,9,10,Fastened,No,83.2,35.9,No,85.9,55.6,47.3,,,,
2025-05-01 12:00:00,EXC001,OP1001,1186.0,7.4,73.2,9,6,Fastened,No,82.3,32.9,No,,73.9,,77.8,275.9,,
2025-05-01 12:00:00,LDR001,OP1002,696.0,4.1,90.4,10,11,Fastened,No,85.0,34.3,No,82.7,,,,,5290,69.5
2025-05-01 13:00:00,DZR001,OP1002,2027.0,4.9,73.7,14,4,Fastened,No,82.2,34.0,No,82.5,70.4,48.4,,,,
2025-05-01 13:00:00,EXC001,OP1001,1187.0,5.8,71.7,16,4,Fastened,No,93.9,37.7,No,,76.4,,83.1,307.2,,
2025-05-01 13:00:00,LDR001,OP1002,697.0,6.4,88.8,12,8,Fastened,No,88.4,37.3,No,78.9,,,,,4978,64.3
2025-05-01 14:00:00,DZR001,OP1002,2028.0,4.7,72.5,10,10,Fastened,No,82.5,35.1,No,83.1,70.6,49.0,,,,
2025-05-01 14:00:00,EXC001,OP1001,1188.0,2.5,71.1,0,21,Fastened,No,87.0,36.8,No,,67.9,,76.4,258.3,,
2025-05-01 14:00:00,LDR001,OP1002,698.0,1.9,88.3,0,26,Fastened,No,87.7,35.1,No,86.9,,,,,0,71.7
2025-05-01 15:00:00,DZR001,OP1002,2029.0,6.3,71.0,11,11,Fastened,No,84.5,34.6,No,82.5,76.9,47.8,,,,
2025-05-01 15:00:00,EXC001,OP1001,1189.0,5.0,69.9,14,11,Fastened,No,84.8,32.9,No,,67.0,,77.7,263.9,,
2025-05-01 15:00:00,LDR001,OP1002,699.0,4.1,87.3,13,11,Fastened,No,82.7,36.0,No,80.8,,,,,4500,69.4
2025-05-02 07:00:00,DZR001,OP1002,2030.0,7.1,74.7,13,11,Fastened,No,78.3,15.8,No,71.3,65.4,48.4,,,,
2025-05-02 07:00:00,EXC001,OP1001,1190.0,7.0,98.1,11,7,Fastened,No,75.2,14.4,No,,65.5,,69.4,278.2,,
2025-05-02 07:00:00,LDR001,OP1002,700.0,7.0,69.1,10,10,Fastened,Yes,76.5,15.9,Yes,76.9,,,,,4452,60.7
2025-05-02 08:00:00,DZR001,OP1002,2031.0,7.1,72.9,15,2,Fastened,No,82.8,19.8,No,82.6,79.3,47.6,,,,
2025-05-02 08:00:00,EXC001,OP1001,1191.0,5.6,96.7,9,6,Fastened,No,79.0,18.8,No,,75.3,,69.0,319.7,,
2025-05-02 08:00:00,LDR001,OP1002,701.0,4.2,68.1,8,5,Fastened,No,79.2,20.1,No,70.7,,,,,3942,66.4
2025-05-02 09:00:00,DZR001,OP1002,2032.0,6.0,71.5,10,12,Fastened,No,81.5,22.3,No,78.4,84.9,47.9,,,,
2025-05-02 09:00:00,EXC001,OP1001,1192.0,6.5,95.2,6,9,Fastened,No,82.6,22.1,No,,72.9,,75.0,285.7,,
2025-05-02 09:00:00,LDR001,OP1002,702.0,5.0,66.8,7,12,Fastened,No,82.0,24.7,No,72.2,,,,,4993,67.4
2025-05-02 10:00:00,DZR001,OP1002,2033.0,6.1,70.0,17,3,Fastened,No,90.2,28.1,No,89.2,57.5,49.1,,,,
2025-05-02 10:00:00,EXC001,OP1001,1193.0,4.9,94.0,16,7,Fastened,No,88.1,29.4,No,,77.6,,81.3,271.9,,
2025-05-02 10:00:00,LDR001,OP1002,703.0,7.1,65.1,17,10,Fastened,No,87.0,27.7,No,81.9,,,,,3911,62.1
2025-05-02 11:00:00,DZR001,OP1002,2034.0,5.2,68.7,16,10,Fastened,No,86.9,31.9,No,82.3,57.7,48.0,,,,
2025-05-02 11:00:00,EXC001,OP1001,1194.0,4.5,92.9,14,12,Fastened,No,85.5,30.2,No,,75.4,,75.7,294.5,,
2025-05-02 11:00:00,LDR001,OP1002,704.0,6.9,63.4,9,3,Fastened,No,82.7,31.6,No,78.3,,,,,5506,65.4
2025-05-02 12:00:00,DZR001,OP1002,2035.0,2.4,68.1,0,17,Fastened,No,82.1,34.3,No,80.7,84.7,48.2,,,,
2025-05-02 12:00:00,EXC001,OP1001,1195.0,2.3,92.3,0,20,Fastened,No,84.0,32.5,No,,82.2,,77.7,286.3,,
2025-05-02 12:00:00,LDR001,OP1002,705.0,1.6,63.0,0,20,Fastened,No,85.9,35.5,No,76.2,,,,,0,70.7
2025-05-02 13:00:00,DZR001,OP1002,2036.0,5.4,66.8,14,6,Fastened,No,88.3,36.8,No,84.2,84.2,48.1,,,,
2025-05-02 13:00:00,EXC001,OP1001,1196.0,5.9,90.9,12,3,Fastened,No,83.0,36.6,No,,66.8,,75.1,264.0,,
2025-05-02 13:00:00,LDR001,OP1002,706.0,6.2,61.5,10,3,Fastened,No,87.2,37.6,No,89.0,,,,,5365,67.4
2025-05-02 14:00:00,DZR001,OP1002,2037.0,7.2,65.1,9,3,Fastened,No,86.4,35.6,No,87.6,78.9,48.4,,,,
2025-05-02 14:00:00,EXC001,OP1001,1197.0,5.2,89.6,12,5,Fastened,No,84.6,35.1,No,,80.8,,76.4,288.4,,
2025-05-02 14:00:00,LDR001,OP1002,707.0,4.2,60.5,6,6,Fastened,No,82.7,35.5,No,78.8,,,,,5848,67.1
2025-05-02 15:00:00,DZR001,OP1002,2038.0,5.6,63.7,11,8,Fastened,No,83.2,35.2,No,78.5,61.9,48.6,,,,
2025-05-02 15:00:00,EXC001,OP1001,1198.0,5.9,88.2,11,8,Fastened,No,87.0,35.0,No,,78.4,,85.6,252.1,,
2025-05-02 15:00:00,LDR001,OP1002,708.0,5.3,59.2,11,9,Fastened,No,82.6,32.7,No,82.2,,,,,5354,70.8
2025-05-03 07:00:00,DZR001,OP1002,2039.0,5.6,87.1,7,4,Fastened,No,79.6,14.9,No,76.3,69.6,48.6,,,,
2025-05-03 07:00:00,EXC001,OP1001,1199.0,6.8,77.0,7,7,Fastened,No,75.6,17.4,No,,62.5,,74.1,314.4,,
2025-05-03 07:00:00,LDR001,OP1002,709.0,5.1,76.9,7,11,Fastened,No,80.6,17.5,No,82.2,,,,,3826,71.2
2025-05-03 08:00:00,DZR001,OP1002,2040.0,5.8,85.7,18,6,Fastened,No,81.4,18.1,No,74.0,79.2,49.1,,,,
2025-05-03 08:00:00,EXC001,OP1001,1200.0,7.4,75.2,7,4,Fastened,No,77.0,19.6,No,,65.5,,67.3,247.3,,
2025-05-03 08:00:00,LDR001,OP1002,710.0,6.7,75.3,6,11,Fastened,No,77.4,20.0,No,71.2,,,,,5828,63.0
2025-05-03 09:00:00,DZR001,OP1002,2041.0,7.5,83.9,11,7,Fastened,No,81.8,22.1,No,76.5,63.0,48.7,,,,
2025-05-03 09:00:00,EXC001,OP1001,1201.0,5.9,73.8,12,8,Fastened,No,82.7,25.7,No,,60.5,,76.6,269.0,,
2025-05-03 09:00:00,LDR001,OP1002,711.0,7.1,73.6,15,10,Fastened,No,87.0,22.2,No,79.1,,,,,5086,65.8
2025-05-03 10:00:00,DZR001,OP1002,2042.0,6.4,82.3,14,9,Fastened,No,80.5,29.9,No,79.1,77.1,48.5,,,,
2025-05-03 10:00:00,EXC001,OP1001,1202.0,7.3,72.0,9,5,Fastened,No,80.0,27.4,No,,66.1,,79.0,288.3,,
2025-05-03 10:00:00,LDR001,OP1002,712.0,2.3,73.0,0,17,Fastened,No,79.9,26.4,No,72.2,,,,,0,67.4
2025-05-03 11:00:00,DZR001,OP1002,2043.0,5.9,80.9,9,8,Fastened,No,85.3,33.4,No,85.9,81.8,48.4,,,,
2025-05-03 11:00:00,EXC001,OP1001,1203.0,4.9,70.8,18,10,Fastened,No,91.9,32.8,No,,66.0,,87.6,271.8,,
2025-05-03 11:00:00,LDR001,OP1002,713.0,4.8,71.8,10,12,Fastened,No,83.1,31.6,No,84.4,,,,,3969,67.4
2025-05-03 12:00:00,DZR001,OP1002,2044.0,5.5,79.6,8,4,Fastened,No,81.4,32.9,No,84.5,62.7,48.6,,,,
2025-05-03 12:00:00,EXC001,OP1001,1204.0,4.0,69.8,18,7,Fastened,No,92.6,35.3,No,,66.4,,81.6,292.6,,
2025-05-03 12:00:00,LDR001,OP1002,714.0,6.7,70.2,7,12,Fastened,No,86.1,34.1,No,76.9,,,,,5320,69.8
2025-05-03 13:00:00,DZR001,OP1002,2045.0,1.4,79.2,0,20,Fastened,No,85.7,37.6,No,78.6,59.0,48.8,,,,
2025-05-03 13:00:00,EXC001,OP1001,1205.0,4.1,68.8,9,3,Fastened,No,85.7,35.5,No,,78.0,,75.7,257.2,,
2025-05-03 13:00:00,LDR001,OP1002,715.0,6.7,68.6,12,6,Fastened,No,84.2,37.7,No,86.7,,,,,4658,65.4
2025-05-03 14:00:00,DZR001,OP1002,2046.0,6.4,77.7,7,8,Fastened,No,89.1,37.2,No,89.4,83.3,47.7,,,,
2025-05-03 14:00:00,EXC001,OP1001,1206.0,6.3,67.3,13,11,Fastened,No,84.7,36.9,No,,66.4,,82.5,254.1,,
2025-05-03 14:00:00,LDR001,OP1002,716.0,7.0,66.9,17,3,Fastened,No,89.0,35.0,No,89.0,,,,,5623,66.0
2025-05-03 15:00:00,DZR001,OP1002,2047.0,2.7,77.0,0,18,Fastened,No,89.0,36.1,No,88.2,81.6,47.4,,,,
2025-05-03 15:00:00,EXC001,OP1001,1207.0,4.8,66.1,13,7,Fastened,No,83.7,36.3,No,,69.3,,81.3,318.5,,
2025-05-03 15:00:00,LDR001,OP1002,717.0,4.0,65.9,6,5,Fastened,No,81.4,32.7,No,82.6,,,,,4585,65.1
2025-05-04 07:00:00,DZR001,OP1002,2048.0,7.2,68.5,14,6,Fastened,No,79.0,17.0,No,71.9,74.0,47.5,,,,
2025-05-04 07:00:00,EXC001,OP1001,1208.0,4.2,71.6,7,3,Fastened,No,79.9,15.1,No,,61.5,,72.0,283.1,,
2025-05-04 07:00:00,LDR001,OP1002,718.0,6.0,69.5,11,11,Fastened,No,74.6,16.4,No,71.3,,,,,5456,66.5
2025-05-04 08:00:00,DZR001,OP1002,2049.0,6.8,66.9,6,11,Fastened,Yes,79.3,18.1,Yes,84.0,72.0,48.9,,,,
2025-05-04 08:00:00,EXC001,OP1001,1209.0,5.0,70.4,17,9,Fastened,No,83.4,18.0,No,,78.3,,76.6,293.8,,
2025-05-04 08:00:00,LDR001,OP1002,719.0,7.3,67.7,14,5,Fastened,No,81.8,19.1,No,74.9,,,,,4377,66.0
2025-05-04 09:00:00,DZR001,OP1002,2050.0,1.8,66.4,0,27,Fastened,No,79.7,24.2,No,77.5,77.9,49.0,,,,
2025-05-04 09:00:00,EXC001,OP1001,1210.0,6.9,68.7,11,9,Fastened,No,79.8,25.7,No,,68.5,,73.6,267.4,,
2025-05-04 09:00:00,LDR001,OP1002,720.0,5.2,66.4,16,3,Fastened,No,86.6,23.4,No,88.3,,,,,5551,68.3
2025-05-04 10:00:00,DZR001,OP1002,2051.0,6.5,64.9,8,6,Fastened,No,86.0,29.3,No,83.3,80.2,49.4,,,,
2025-05-04 10:00:00,EXC001,OP1001,1211.0,6.0,67.2,10,9,Fastened,No,81.7,26.6,No,,73.8,,80.2,297.2,,
2025-05-04 10:00:00,LDR001,OP1002,721.0,5.8,65.0,16,11,Fastened,No,86.5,27.0,No,79.8,,,,,4245,60.9
2025-05-04 11:00:00,DZR001,OP1002,2052.0,5.5,63.5,15,5,Fastened,No,88.2,32.0,No,91.0,67.4,47.8,,,,
2025-05-04 11:00:00,EXC001,OP1001,1212.0,7.5,65.4,8,10,Fastened,No,86.2,33.2,No,,81.8,,75.6,267.9,,
2025-05-04 11:00:00,LDR001,OP1002,722.0,5.3,63.7,6,2,Fastened,No,80.7,30.2,No,73.3,,,,,4087,65.7
2025-05-04 12:00:00,DZR001,OP1002,2053.0,7.5,61.7,12,12,Fastened,No,84.4,36.2,No,78.1,55.3,48.9,,,,
2025-05-04 12:00:00,EXC001,OP1001,1213.0,4.3,64.3,17,10,Fastened,No,91.3,34.3,No,,67.9,,85.5,317.2,,
2025-05-04 12:00:00,LDR001,OP1002,723.0,4.3,62.7,10,10,Fastened,No,83.5,33.3,No,75.7,,,,,4209,63.8
2025-05-04 13:00:00,DZR001,OP1002,2054.0,7.1,60.0,16,3,Fastened,No,93.1,37.7,No,89.0,63.9,48.7,,,,
2025-05-04 13:00:00,EXC001,OP1001,1214.0,5.1,63.1,12,5,Fastened,No,87.1,34.1,No,,82.5,,76.7,320.0,,
2025-05-04 13:00:00,LDR001,OP1002,724.0,4.7,61.5,7,11,Fastened,No,88.2,34.3,No,89.8,,,,,4100,63.3
2025-05-04 14:00:00,DZR001,OP1002,2055.0,1.5,59.6,0,28,Fastened,No,89.3,35.4,No,90.0,80.4,48.9,,,,
2025-05-04 14:00:00,EXC001,OP1001,1215.0,5.3,61.8,15,9,Fastened,No,95.1,36.9,No,,64.2,,87.0,295.5,,
2025-05-04 14:00:00,LDR001,OP1002,725.0,7.4,59.7,11,7,Fastened,No,88.4,37.6,No,83.0,,,,,5373,68.9
2025-05-04 15:00:00,DZR001,OP1002,2056.0,4.1,58.6,17,7,Fastened,No,91.1,33.7,No,91.7,64.6,48.2,,,,
2025-05-04 15:00:00,EXC001,OP1001,1216.0,7.0,60.1,17,7,Fastened,No,93.6,33.0,No,,74.3,,91.1,307.3,,
2025-05-04 15:00:00,LDR001,OP1002,726.0,4.1,58.7,15,4,Fastened,No,93.4,36.2,No,88.1,,,,,5490,69.0
2025-05-05 07:00:00,DZR001,OP1002,2057.0,5.4,97.2,12,11,Fastened,No,76.9,18.0,No,80.2,55.3,47.8,,,,
2025-05-05 07:00:00,EXC001,OP1001,1217.0,7.4,73.3,12,11,Fastened,No,78.0,16.9,No,,63.4,,68.6,265.7,,
2025-05-05 07:00:00,LDR001,OP1002,727.0,2.0,90.1,0,15,Fastened,No,75.6,14.8,No,77.5,,,,,0,65.9
2025-05-05 08:00:00,DZR001,OP1002,2058.0,5.3,95.9,18,5,Fastened,No,85.6,18.8,No,86.0,68.1,48.6,,,,
2025-05-05 08:00:00,EXC001,OP1001,1218.0,6.6,71.7,12,9,Fastened,No,79.1,21.8,No,,60.0,,71.6,296.5,,
2025-05-05 08:00:00,LDR001,OP1002,728.0,5.5,88.8,7,6,Fastened,No,78.1,19.3,No,70.9,,,,,4434,61.6
2025-05-05 09:00:00,DZR001,OP1002,2059.0,6.5,94.4,11,5,Fastened,No,79.8,23.6,No,78.4,60.5,49.5,,,,
2025-05-05 09:00:00,EXC001,OP1001,1219.0,6.8,70.0,12,4,Fastened,No,81.1,25.5,No,,63.0,,76.7,280.1,,
2025-05-05 09:00:00,LDR001,OP1002,729.0,6.4,87.2,14,4,Fastened,No,77.2,23.3,No,74.3,,,,,5234,61.6
2025-05-05 10:00:00,DZR001,OP1002,2060.0,5.4,93.0,16,7,Fastened,No,87.4,28.4,No,90.7,75.2,48.6,,,,
2025-05-05 10:00:00,EXC001,OP1001,1220.0,6.6,68.4,14,7,Fastened,No,84.2,29.4,No,,71.4,,82.3,250.4,,
2025-05-05 10:00:00,LDR001,OP1002,730.0,6.6,85.6,15,7,Fastened,No,86.1,27.5,No,88.7,,,,,4589,65.0
2025-05-05 11:00:00,DZR001,OP1002,2061.0,5.4,91.7,12,10,Fastened,No,86.9,30.3,No,84.8,72.6,48.8,,,,
2025-05-05 11:00:00,EXC001,OP1001,1221.0,4.7,67.3,11,11,Fastened,No,82.2,30.1,No,,58.6,,73.3,294.3,,
2025-05-05 11:00:00,LDR001,OP1002,731.0,7.0,83.9,8,6,Fastened,No,82.3,31.9,No,85.0,,,,,4854,62.0
2025-05-05 12:00:00,DZR001,OP1002,2062.0,4.3,90.7,13,11,Fastened,No,84.3,36.0,No,80.3,72.8,48.8,,,,
2025-05-05 12:00:00,EXC001,OP1001,1222.0,4.4,66.2,17,11,Fastened,No,89.3,34.2,No,,86.1,,82.2,255.5,,
2025-05-05 12:00:00,LDR001,OP1002,732.0,5.4,82.6,16,7,Fastened,No,89.7,32.8,No,90.5,,,,,4257,70.1
2025-05-05 13:00:00,DZR001,OP1002,2063.0,7.2,88.9,6,12,Unfastened,Yes,84.4,37.3,No,81.8,58.2,49.5,,,,
2025-05-05 13:00:00,EXC001,OP1001,1223.0,6.9,64.5,9,7,Fastened,No,87.4,34.4,No,,64.3,,78.2,260.4,,
2025-05-05 13:00:00,LDR001,OP1002,733.0,4.9,81.4,10,5,Fastened,No,87.6,36.1,No,89.6,,,,,5768,65.2
2025-05-05 14:00:00,DZR001,OP1002,2064.0,4.0,87.9,12,2,Fastened,No,85.6,35.0,No,76.9,60.6,48.5,,,,
2025-05-05 14:00:00,EXC001,OP1001,1224.0,2.0,64.0,0,29,Fastened,No,85.7,34.9,No,,80.4,,80.2,246.5,,
2025-05-05 14:00:00,LDR001,OP1002,734.0,5.8,80.0,7,4,Fastened,No,89.4,37.1,No,80.3,,,,,4308,60.8
2025-05-05 15:00:00,DZR001,OP1002,2065.0,5.9,86.5,6,12,Fastened,No,86.7,34.3,No,79.8,59.2,48.6,,,,
2025-05-05 15:00:00,EXC001,OP1001,1225.0,3.0,63.3,0,17,Fastened,No,84.6,36.3,No,,83.8,,76.7,288.7,,
2025-05-05 15:00:00,LDR001,OP1002,735.0,6.7,78.3,9,10,Fastened,No,88.5,34.4,No,84.7,,,,,5635,62.1
2025-05-06 07:00:00,DZR001,OP1002,2066.0,2.2,90.4,0,24,Fastened,No,79.0,17.9,No,73.0,79.0,48.1,,,,
2025-05-06 07:00:00,EXC001,OP1001,1226.0,4.3,86.2,15,4,Fastened,No,82.9,17.7,No,,77.1,,76.8,262.4,,
2025-05-06 07:00:00,LDR001,OP1002,736.0,5.8,87.5,13,3,Fastened,No,76.4,18.0,No,70.2,,,,,5543,66.5
2025-05-06 08:00:00,DZR001,OP1002,2067.0,6.7,88.7,18,7,Fastened,Yes,84.1,19.1,Yes,81.8,76.8,48.0,,,,
2025-05-06 08:00:00,EXC001,OP1001,1227.0,7.3,84.4,10,6,Fastened,No,79.5,20.0,No,,66.6,,75.7,282.0,,
2025-05-06 08:00:00,LDR001,OP1002,737.0,5.2,86.3,13,2,Fastened,No,77.1,19.6,No,69.0,,,,,5094,65.4
2025-05-06 09:00:00,DZR001,OP1002,2068.0,6.7,87.1,18,7,Fastened,No,83.9,24.2,No,80.2,60.9,48.1,,,,
2025-05-06 09:00:00,EXC001,OP1001,1228.0,4.3,83.4,14,7,Fastened,No,83.6,22.8,No,,73.4,,82.2,299.4,,
2025-05-06 09:00:00,LDR001,OP1002,738.0,6.0,84.8,16,5,Fastened,No,88.9,22.3,No,86.0,,,,,4678,66.2
2025-05-06 10:00:00,DZR001,OP1002,2069.0,5.6,85.7,9,4,Fastened,No,86.2,29.3,No,89.8,64.0,49.0,,,,
2025-05-06 10:00:00,EXC001,OP1001,1229.0,6.7,81.7,17,10,Fastened,No,88.7,28.3,No,,70.1,,82.1,300.9,,
2025-05-06 10:00:00,LDR001,OP1002,739.0,4.3,83.7,12,3,Fastened,No,80.5,29.8,No,79.7,,,,,5844,71.6
2025-05-06 11:00:00,DZR001,OP1002,2070.0,6.4,84.2,16,5,Fastened,No,90.9,32.3,No,93.9,70.1,48.4,,,,
2025-05-06 11:00:00,EXC001,OP1001,1230.0,4.9,80.5,8,5,Fastened,No,79.9,29.9,No,,64.8,,73.6,288.8,,
2025-05-06 11:00:00,LDR001,OP1002,740.0,7.1,82.0,18,6,Fastened,No,87.3,32.0,No,84.8,,,,,4617,67.2
2025-05-06 12:00:00,DZR001,OP1002,2071.0,6.4,82.6,17,11,Fastened,No,91.7,36.1,No,93.6,68.7,48.2,,,,
2025-05-06 12:00:00,EXC001,OP1001,1231.0,7.2,78.8,18,4,Fastened,No,90.9,33.2,No,,68.2,,84.7,245.7,,
2025-05-06 12:00:00,LDR001,OP1002,741.0,6.6,80.4,14,4,Fastened,No,85.4,36.3,No,75.8,,,,,5053,69.2
2025-05-06 13:00:00,DZR001,OP1002,2072.0,5.2,81.3,8,9,Fastened,No,87.7,36.5,No,85.6,83.1,47.8,,,,
2025-05-06 13:00:00,EXC001,OP1001,1232.0,4.2,77.8,14,6,Fastened,No,86.2,35.7,No,,87.2,,80.5,265.0,,
2025-05-06 13:00:00,LDR001,OP1002,742.0,6.5,78.8,17,6,Fastened,No,90.4,36.4,No,84.1,,,,,5551,64.1
2025-05-06 14:00:00,DZR001,OP1002,2073.0,7.1,79.6,6,6,Fastened,No,82.8,35.4,No,87.6,83.3,49.7,,,,
2025-05-06 14:00:00,EXC001,OP1001,1233.0,4.1,76.8,6,9,Fastened,No,83.6,37.7,No,,78.8,,78.5,285.8,,
2025-05-06 14:00:00,LDR001,OP1002,743.0,6.7,77.2,18,5,Fastened,No,95.7,36.1,No,91.5,,,,,4459,69.0
2025-05-06 15:00:00,DZR001,OP1002,2074.0,5.5,78.3,11,2,Fastened,No,84.0,33.1,No,88.6,70.8,49.7,,,,
2025-05-06 15:00:00,EXC001,OP1001,1234.0,2.9,76.1,0,14,Fastened,No,87.0,34.1,No,,81.8,,76.4,309.6,,
2025-05-06 15:00:00,LDR001,OP1002,744.0,2.1,76.7,0,29,Fastened,No,84.9,36.1,No,80.6,,,,,0,63.8
2025-05-07 07:00:00,DZR001,OP1002,2075.0,6.6,70.8,15,6,Fastened,No,85.6,17.1,No,82.3,77.4,49.1,,,,
2025-05-07 07:00:00,EXC001,OP1001,1235.0,4.3,97.3,7,8,Unfastened,Yes,77.7,17.8,No,,80.8,,68.7,258.8,,
2025-05-07 07:00:00,LDR001,OP1002,745.0,6.1,71.9,8,4,Fastened,No,79.5,14.6,No,71.4,,,,,4564,65.9
2025-05-07 08:00:00,DZR001,OP1002,2076.0,4.6,69.7,6,6,Fastened,No,78.9,20.9,No,77.4,75.8,49.6,,,,
2025-05-07 08:00:00,EXC001,OP1001,1236.0,2.0,96.8,0,45,Unfastened,Yes,77.4,21.0,No,,64.8,,74.3,276.9,,
2025-05-07 08:00:00,LDR001,OP1002,746.0,5.7,70.5,18,8,Fastened,No,85.9,20.9,No,76.5,,,,,5467,68.6
2025-05-07 09:00:00,DZR001,OP1002,2077.0,4.9,68.5,17,4,Fastened,No,84.2,22.1,No,78.6,65.7,48.8,,,,
2025-05-07 09:00:00,EXC001,OP1001,1237.0,7.3,95.0,17,6,Unfastened,Yes,84.1,24.1,No,,64.2,,74.9,291.7,,
2025-05-07 09:00:00,LDR001,OP1002,747.0,1.7,70.1,0,19,Fastened,No,81.7,23.3,No,79.6,,,,,0,65.8
2025-05-07 10:00:00,DZR001,OP1002,2078.0,4.3,67.5,17,9,Fastened,No,87.3,27.9,No,89.0,67.2,48.3,,,,
2025-05-07 10:00:00,EXC001,OP1001,1238.0,2.8,94.4,0,52,Unfastened,Yes,85.1,29.3,No,,71.2,,79.4,263.1,,
2025-05-07 10:00:00,LDR001,OP1002,748.0,5.2,68.8,9,7,Fastened,No,82.3,28.3,No,81.3,,,,,5758,66.4
2025-05-07 11:00:00,DZR001,OP1002,2079.0,6.3,65.9,9,11,Fastened,No,81.4,30.3,No,75.0,84.4,48.9,,,,
2025-05-07 11:00:00,EXC001,OP1001,1239.0,7.4,92.6,7,10,Fastened,No,86.0,31.0,No,,71.0,,76.0,302.9,,
2025-05-07 11:00:00,LDR001,OP1002,749.0,5.7,67.4,10,8,Fastened,No,84.5,30.7,No,80.7,,,,,3933,66.4
2025-05-07 12:00:00,DZR001,OP1002,2080.0,7.4,64.1,15,12,Fastened,No,88.2,33.3,No,85.1,61.8,49.5,,,,
2025-05-07 12:00:00,EXC001,OP1001,1240.0,6.3,91.0,9,7,Unfastened,Yes,85.7,34.2,No,,67.8,,76.1,256.5,,
2025-05-07 12:00:00,LDR001,OP1002,750.0,4.6,66.3,13,7,Fastened,No,86.5,35.7,No,77.4,,,,,4011,68.2
2025-05-07 13:00:00,DZR001,OP1002,2081.0,5.1,62.9,9,6,Fastened,No,88.5,35.2,No,85.1,84.0,48.0,,,,
2025-05-07 13:00:00,EXC001,OP1001,1241.0,5.7,89.6,7,3,Fastened,No,82.0,34.4,No,,68.8,,71.8,319.5,,
2025-05-07 13:00:00,LDR001,OP1002,751.0,7.3,64.5,16,10,Fastened,No,94.1,37.5,No,91.3,,,,,5280,67.2
2025-05-07 14:00:00,DZR001,OP1002,2082.0,6.4,61.3,8,10,Fastened,No,86.9,37.3,No,87.4,56.5,48.5,,,,
2025-05-07 14:00:00,EXC001,OP1001,1242.0,2.3,89.1,0,32,Unfastened,Yes,87.1,37.8,No,,77.3,,83.9,255.6,,
2025-05-07 14:00:00,LDR001,OP1002,752.0,6.1,63.0,17,12,Fastened,No,89.8,34.2,No,82.7,,,,,4346,61.2
2025-05-07 15:00:00,DZR001,OP1002,2083.0,4.0,60.4,7,5,Fastened,No,85.2,36.2,No,82.4,78.5,48.3,,,,
2025-05-07 15:00:00,EXC001,OP1001,1243.0,6.6,87.5,13,7,Unfastened,Yes,89.5,35.9,No,,65.6,,85.2,268.7,,
2025-05-07 15:00:00,LDR001,OP1002,753.0,5.9,61.6,13,10,Fastened,No,81.8,33.8,No,77.3,,,,,5449,62.6
2025-05-08 07:00:00,DZR001,OP1002,2084.0,4.6,84.4,7,8,Fastened,No,78.1,15.9,No,72.8,76.5,48.5,,,,
2025-05-08 07:00:00,EXC001,OP1001,1244.0,1.6,74.5,0,22,Fastened,No,78.9,14.7,No,,87.1,,73.3,290.5,,
2025-05-08 07:00:00,LDR001,OP1002,754.0,1.5,78.0,0,50,Unfastened,Yes,78.2,14.8,No,70.6,,,,,0,68.0
2025-05-08 08:00:00,DZR001,OP1002,2085.0,7.1,82.6,15,4,Fastened,No,84.5,20.8,No,80.3,77.3,49.0,,,,
2025-05-08 08:00:00,EXC001,OP1001,1245.0,5.7,73.1,9,6,Fastened,No,78.8,18.6,No,,63.3,,75.5,266.1,,
2025-05-08 08:00:00,LDR001,OP1002,755.0,2.5,77.4,0,40,Fastened,No,76.9,18.5,No,72.6,,,,,0,65.6
2025-05-08 09:00:00,DZR001,OP1002,2086.0,5.5,81.3,6,7,Fastened,No,80.6,22.2,No,72.6,77.4,48.1,,,,
2025-05-08 09:00:00,EXC001,OP1001,1246.0,5.9,71.7,13,7,Fastened,No,82.9,25.5,No,,75.2,,79.4,260.3,,
2025-05-08 09:00:00,LDR001,OP1002,756.0,4.7,76.2,10,8,Unfastened,Yes,82.4,22.2,No,77.4,,,,,4974,69.6
2025-05-08 10:00:00,DZR001,OP1002,2087.0,4.1,80.3,13,9,Fastened,No,83.2,28.7,No,84.4,70.7,49.6,,,,
2025-05-08 10:00:00,EXC001,OP1001,1247.0,4.4,70.6,9,7,Fastened,No,83.5,30.0,No,,81.0,,78.2,248.4,,
2025-05-08 10:00:00,LDR001,OP1002,757.0,1.9,75.8,0,46,Fastened,Yes,79.9,29.1,Yes,73.8,,,,,0,64.8
2025-05-08 11:00:00,DZR001,OP1002,2088.0,5.3,79.0,6,7,Fastened,No,84.9,32.2,No,82.5,73.8,48.7,,,,
2025-05-08 11:00:00,EXC001,OP1001,1248.0,4.3,69.5,7,7,Fastened,No,82.8,32.3,No,,70.3,,77.9,298.3,,
2025-05-08 11:00:00,LDR001,OP1002,758.0,2.2,75.2,0,49,Fastened,Yes,86.8,31.4,No,78.2,,,,,0,65.3
2025-05-08 12:00:00,DZR001,OP1002,2089.0,5.9,77.6,8,8,Fastened,No,82.6,34.5,No,74.8,55.4,48.7,,,,
2025-05-08 12:00:00,EXC001,OP1001,1249.0,7.1,67.8,9,4,Fastened,No,84.2,35.6,No,,74.0,,75.9,264.8,,
2025-05-08 12:00:00,LDR001,OP1002,759.0,6.9,73.5,14,6,Fastened,No,86.0,35.9,No,83.6,,,,,5191,72.0
2025-05-08 13:00:00,DZR001,OP1002,2090.0,6.9,75.9,9,8,Fastened,No,83.4,34.5,No,79.8,68.2,49.4,,,,
2025-05-08 13:00:00,EXC001,OP1001,1250.0,7.4,66.0,17,10,Fastened,Yes,89.0,34.1,Yes,,78.3,,81.7,282.8,,
2025-05-08 13:00:00,LDR001,OP1002,760.0,4.7,72.4,11,9,Fastened,No,84.2,36.9,No,79.2,,,,,4407,67.9
2025-05-08 14:00:00,DZR001,OP1002,2091.0,4.4,74.8,14,8,Fastened,No,88.9,36.6,No,91.2,72.4,49.4,,,,
2025-05-08 14:00:00,EXC001,OP1001,1251.0,1.6,65.6,0,27,Fastened,No,85.9,34.7,No,,73.2,,76.1,313.4,,
2025-05-08 14:00:00,LDR001,OP1002,761.0,1.9,71.9,0,36,Fastened,Yes,86.7,37.7,Yes,84.8,,,,,0,70.4
2025-05-08 15:00:00,DZR001,OP1002,2092.0,4.9,73.6,14,4,Fastened,No,83.7,35.9,No,80.1,58.3,49.6,,,,
2025-05-08 15:00:00,EXC001,OP1001,1252.0,5.2,64.3,8,12,Fastened,No,88.0,35.3,No,,81.4,,78.7,307.3,,
2025-05-08 15:00:00,LDR001,OP1002,762.0,5.7,70.5,9,6,Fastened,No,82.3,33.6,No,81.9,,,,,5578,60.1
2025-05-09 07:00:00,DZR001,OP1002,2093.0,6.8,87.3,11,4,Fastened,No,79.2,16.8,No,72.3,80.6,50.1,,,,
2025-05-09 07:00:00,EXC001,OP1001,1253.0,6.9,92.3,16,3,Fastened,No,82.6,17.0,No,,59.7,,79.5,304.6,,
2025-05-09 07:00:00,LDR001,OP1002,763.0,6.8,97.7,18,9,Fastened,No,80.5,16.7,No,83.0,,,,,4310,70.8
2025-05-09 08:00:00,DZR001,OP1002,2094.0,4.6,86.2,13,10,Fastened,No,76.2,18.7,No,80.0,71.6,49.6,,,,
2025-05-09 08:00:00,EXC001,OP1001,1254.0,5.2,91.0,11,4,Fastened,Yes,80.5,19.1,Yes,,59.4,,71.5,250.1,,
2025-05-09 08:00:00,LDR001,OP1002,764.0,7.0,96.0,10,5,Fastened,No,77.3,19.8,No,79.6,,,,,5080,61.6
2025-05-09 09:00:00,DZR001,OP1002,2095.0,7.2,84.4,12,5,Fastened,No,80.3,25.9,No,85.3,69.7,48.2,,,,
2025-05-09 09:00:00,EXC001,OP1001,1255.0,4.3,89.9,18,5,Fastened,No,83.1,23.5,No,,63.7,,80.0,245.6,,
2025-05-09 09:00:00,LDR001,OP1002,765.0,4.8,94.8,17,11,Fastened,No,86.6,23.9,No,80.3,,,,,5645,70.9
2025-05-09 10:00:00,DZR001,OP1002,2096.0,6.5,82.8,16,7,Fastened,No,87.2,28.7,No,82.7,71.2,48.4,,,,
2025-05-09 10:00:00,EXC001,OP1001,1256.0,4.3,88.9,7,2,Fastened,No,82.4,28.6,No,,74.2,,80.6,301.9,,
2025-05-09 10:00:00,LDR001,OP1002,766.0,4.8,93.6,7,4,Fastened,No,85.0,26.9,No,84.0,,,,,5503,60.3
2025-05-09 11:00:00,DZR001,OP1002,2097.0,4.3,81.8,13,9,Fastened,No,85.5,32.2,No,82.9,82.7,50.1,,,,
2025-05-09 11:00:00,EXC001,OP1001,1257.0,5.4,87.6,15,4,Fastened,No,87.9,31.6,No,,70.7,,85.2,269.2,,
2025-05-09 11:00:00,LDR001,OP1002,767.0,1.7,93.2,0,18,Fastened,No,82.9,33.1,No,78.4,,,,,0,61.8
2025-05-09 12:00:00,DZR001,OP1002,2098.0,7.3,80.0,17,7,Fastened,No,93.8,35.0,No,88.7,72.7,48.5,,,,
2025-05-09 12:00:00,EXC001,OP1001,1258.0,4.6,86.4,10,3,Fastened,No,84.6,33.5,No,,65.9,,79.5,295.1,,
2025-05-09 12:00:00,LDR001,OP1002,768.0,1.5,92.9,0,14,Fastened,No,85.2,33.0,No,79.6,,,,,0,69.0
2025-05-09 13:00:00,DZR001,OP1002,2099.0,2.0,79.5,0,21,Fastened,No,83.8,35.5,No,83.7,84.4,49.4,,,,
2025-05-09 13:00:00,EXC001,OP1001,1259.0,7.4,84.6,10,3,Fastened,No,89.0,37.1,No,,74.2,,85.7,258.3,,
2025-05-09 13:00:00,LDR001,OP1002,769.0,5.0,91.6,11,8,Fastened,No,89.2,36.6,No,84.1,,,,,5576,65.0
2025-05-09 14:00:00,DZR001,OP1002,2100.0,5.6,78.1,6,3,Fastened,Yes,86.3,37.3,Yes,81.9,80.2,48.9,,,,
2025-05-09 14:00:00,EXC001,OP1001,1260.0,6.7,83.0,15,7,Fastened,No,89.9,35.0,No,,83.2,,87.4,300.0,,
2025-05-09 14:00:00,LDR001,OP1002,770.0,4.8,90.5,6,4,Fastened,No,85.6,36.4,No,81.1,,,,,4318,62.9
2025-05-09 15:00:00,DZR001,OP1002,2101.0,4.8,77.0,13,7,Fastened,No,88.2,35.6,No,79.8,57.1,48.4,,,,
2025-05-09 15:00:00,EXC001,OP1001,1261.0,4.8,81.8,10,9,Fastened,No,85.4,36.0,No,,64.9,,79.6,286.2,,
2025-05-09 15:00:00,LDR001,OP1002,771.0,5.3,89.2,17,8,Fastened,No,90.4,35.0,No,88.1,,,,,4836,63.1
2025-05-10 07:00:00,DZR001,OP1002,2102.0,5.2,96.3,11,4,Fastened,No,80.6,17.5,No,82.3,60.2,48.5,,,,
2025-05-10 07:00:00,EXC001,OP1001,1262.0,4.5,90.3,12,11,Fastened,No,78.6,16.3,No,,69.0,,72.5,250.9,,
2025-05-10 07:00:00,LDR001,OP1002,772.0,4.6,84.6,12,8,Fastened,No,79.8,15.4,No,79.3,,,,,5050,61.8
2025-05-10 08:00:00,DZR001,OP1002,2103.0,4.7,95.1,11,6,Fastened,No,78.8,18.4,No,73.8,76.1,48.6,,,,
2025-05-10 08:00:00,EXC001,OP1001,1263.0,5.0,89.1,8,11,Fastened,No,80.4,20.7,No,,58.2,,71.1,266.6,,
2025-05-10 08:00:00,LDR001,OP1002,773.0,7.0,82.9,12,9,Fastened,No,78.5,20.9,No,76.2,,,,,5812,60.5
2025-05-10 09:00:00,DZR001,OP1002,2104.0,5.9,93.7,6,12,Fastened,No,80.5,25.3,No,84.9,79.0,50.0,,,,
2025-05-10 09:00:00,EXC001,OP1001,1264.0,5.1,87.9,8,7,Fastened,No,78.2,23.3,No,,73.5,,72.9,293.5,,
2025-05-10 09:00:00,LDR001,OP1002,774.0,6.1,81.4,15,7,Fastened,No,88.2,22.2,No,86.0,,,,,4325,65.9
2025-05-10 10:00:00,DZR001,OP1002,2105.0,4.0,92.7,12,2,Fastened,No,84.3,26.6,No,86.1,66.6,48.9,,,,
2025-05-10 10:00:00,EXC001,OP1001,1265.0,6.1,86.4,7,5,Fastened,No,79.3,28.4,No,,58.9,,71.1,309.5,,
2025-05-10 10:00:00,LDR001,OP1002,775.0,4.0,80.5,10,9,Fastened,No,85.6,28.7,No,85.8,,,,,5866,71.9
2025-05-10 11:00:00,DZR001,OP1002,2106.0,5.1,91.5,11,7,Fastened,No,85.4,33.4,No,76.8,58.3,49.6,,,,
2025-05-10 11:00:00,EXC001,OP1001,1266.0,7.2,84.6,8,7,Fastened,No,82.6,30.0,No,,75.4,,78.9,271.9,,
2025-05-10 11:00:00,LDR001,OP1002,776.0,6.3,78.9,12,10,Fastened,Yes,86.7,31.4,Yes,89.1,,,,,4804,69.2
2025-05-10 12:00:00,DZR001,OP1002,2107.0,6.6,89.9,14,7,Fastened,No,86.4,34.6,No,78.1,71.3,49.1,,,,
2025-05-10 12:00:00,EXC001,OP1001,1267.0,4.3,83.6,13,6,Fastened,No,88.0,36.3,No,,68.8,,82.9,299.8,,
2025-05-10 12:00:00,LDR001,OP1002,777.0,4.8,77.8,12,11,Fastened,No,84.0,35.8,No,85.0,,,,,5148,61.1
2025-05-10 13:00:00,DZR001,OP1002,2108.0,6.2,88.4,8,4,Fastened,No,85.6,37.1,No,86.9,68.5,48.8,,,,
2025-05-10 13:00:00,EXC001,OP1001,1268.0,5.7,82.2,7,8,Fastened,No,86.4,35.0,No,,80.5,,85.1,308.1,,
2025-05-10 13:00:00,LDR001,OP1002,778.0,4.3,76.7,17,12,Fastened,No,91.1,34.8,No,87.2,,,,,4565,67.0
2025-05-10 14:00:00,DZR001,OP1002,2109.0,1.9,87.9,0,19,Fastened,No,87.1,36.4,No,85.2,70.4,49.8,,,,
2025-05-10 14:00:00,EXC001,OP1001,1269.0,5.5,80.8,10,10,Fastened,No,88.8,34.8,No,,70.0,,79.9,305.5,,
2025-05-10 14:00:00,LDR001,OP1002,779.0,1.9,76.2,0,24,Fastened,No,84.5,37.4,No,85.6,,,,,0,61.0
2025-05-10 15:00:00,DZR001,OP1002,2110.0,2.9,87.2,0,20,Fastened,No,82.0,33.6,No,73.9,72.8,50.3,,,,
2025-05-10 15:00:00,EXC001,OP1001,1270.0,4.4,79.8,7,11,Fastened,No,84.1,33.7,No,,59.3,,78.1,267.9,,
2025-05-10 15:00:00,LDR001,OP1002,780.0,2.1,75.7,0,29,Fastened,No,83.2,34.9,No,75.0,,,,,0,66.1
2025-05-11 07:00:00,DZR001,OP1002,2111.0,5.6,90.5,10,4,Fastened,No,75.0,15.1,No,73.0,76.3,50.0,,,,
2025-05-11 07:00:00,EXC001,OP1001,1271.0,4.2,76.3,16,8,Fastened,No,86.1,17.4,No,,61.1,,75.7,262.4,,
2025-05-11 07:00:00,LDR001,OP1002,781.0,4.7,87.0,11,8,Fastened,Yes,81.0,17.0,Yes,74.7,,,,,3880,71.8
2025-05-11 08:00:00,DZR001,OP1002,2112.0,6.3,89.0,15,6,Fastened,No,87.4,20.6,No,79.7,73.4,50.2,,,,
2025-05-11 08:00:00,EXC001,OP1001,1272.0,5.2,75.1,18,2,Fastened,No,85.7,21.1,No,,85.3,,82.7,266.6,,
2025-05-11 08:00:00,LDR001,OP1002,782.0,6.0,85.6,8,8,Fastened,No,80.3,20.5,No,75.8,,,,,5869,60.5
2025-05-11 09:00:00,DZR001,OP1002,2113.0,6.3,87.4,16,10,Fastened,No,84.0,22.2,No,88.9,69.1,49.0,,,,
2025-05-11 09:00:00,EXC001,OP1001,1273.0,5.1,73.8,18,11,Fastened,No,87.5,23.7,No,,59.6,,79.7,313.5,,
2025-05-11 09:00:00,LDR001,OP1002,783.0,5.2,84.3,18,2,Fastened,No,85.7,25.0,No,75.8,,,,,4307,71.7
2025-05-11 10:00:00,DZR001,OP1002,2114.0,5.1,86.2,16,10,Fastened,No,88.1,29.4,No,81.2,63.9,50.5,,,,
2025-05-11 10:00:00,EXC001,OP1001,1274.0,5.6,72.4,10,3,Fastened,No,80.5,29.2,No,,71.7,,76.2,275.0,,
2025-05-11 10:00:00,LDR001,OP1002,784.0,2.8,83.6,0,25,Fastened,No,83.4,29.5,No,84.1,,,,,0,68.8
2025-05-11 11:00:00,DZR001,OP1002,2115.0,5.4,84.9,18,9,Fastened,No,89.3,31.1,No,89.0,64.2,50.4,,,,
2025-05-11 11:00:00,EXC001,OP1001,1275.0,5.3,71.2,9,4,Fastened,No,83.0,32.5,No,,71.2,,80.7,245.5,,
2025-05-11 11:00:00,LDR001,OP1002,785.0,6.8,81.9,11,12,Fastened,No,81.4,31.7,No,72.3,,,,,5302,63.6
2025-05-11 12:00:00,DZR001,OP1002,2116.0,7.1,83.1,8,2,Fastened,No,88.3,35.3,No,82.2,83.9,50.0,,,,
2025-05-11 12:00:00,EXC001,OP1001,1276.0,2.5,70.5,0,27,Fastened,No,86.2,32.9,No,,86.6,,79.1,283.3,,
2025-05-11 12:00:00,LDR001,OP1002,786.0,5.1,80.7,6,3,Fastened,No,83.5,34.0,No,75.5,,,,,5025,69.1
2025-05-11 13:00:00,DZR001,OP1002,2117.0,6.0,81.7,7,7,Fastened,No,84.7,35.6,No,88.6,61.1,50.4,,,,
2025-05-11 13:00:00,EXC001,OP1001,1277.0,7.1,68.8,16,5,Fastened,No,91.8,36.7,No,,75.4,,85.6,261.9,,
2025-05-11 13:00:00,LDR001,OP1002,787.0,4.9,79.5,12,10,Fastened,No,86.2,34.1,No,87.8,,,,,3916,64.6
2025-05-11 14:00:00,DZR001,OP1002,2118.0,6.3,80.1,17,9,Fastened,No,94.5,35.5,No,91.2,82.8,49.6,,,,
2025-05-11 14:00:00,EXC001,OP1001,1278.0,5.4,67.5,6,8,Fastened,No,84.6,35.6,No,,84.1,,81.4,318.4,,
2025-05-11 14:00:00,LDR001,OP1002,788.0,1.8,79.1,0,28,Fastened,No,87.2,34.4,No,81.2,,,,,0,68.1
2025-05-11 15:00:00,DZR001,OP1002,2119.0,4.1,79.1,16,7,Fastened,Yes,91.4,36.3,Yes,83.6,80.4,50.0,,,,
2025-05-11 15:00:00,EXC001,OP1001,1279.0,4.8,66.3,12,6,Fastened,No,85.6,33.2,No,,67.3,,77.6,317.0,,
2025-05-11 15:00:00,LDR001,OP1002,789.0,7.5,77.2,7,6,Fastened,No,85.6,34.8,No,85.7,,,,,4724,64.7
2025-05-12 07:00:00,DZR001,OP1002,2120.0,7.2,75.2,15,10,Fastened,No,84.9,18.3,No,88.8,77.0,49.3,,,,
2025-05-12 07:00:00,EXC001,OP1001,1280.0,4.7,78.6,14,10,Fastened,No,80.5,16.5,No,,69.6,,77.7,311.6,,
2025-05-12 07:00:00,LDR001,OP1002,790.0,5.8,78.8,7,4,Fastened,No,76.6,17.4,No,69.5,,,,,4247,65.3
2025-05-12 08:00:00,DZR001,OP1002,2121.0,6.3,73.7,7,7,Fastened,No,82.2,21.7,No,77.6,70.4,49.7,,,,
2025-05-12 08:00:00,EXC001,OP1001,1281.0,4.4,77.5,9,5,Fastened,No,79.8,18.0,No,,72.5,,70.5,258.3,,
2025-05-12 08:00:00,LDR001,OP1002,791.0,7.3,77.0,8,10,Fastened,No,80.4,19.9,No,71.8,,,,,5302,68.3
2025-05-12 09:00:00,DZR001,OP1002,2122.0,4.0,72.7,18,4,Fastened,No,83.9,24.8,No,85.0,59.2,50.6,,,,
2025-05-12 09:00:00,EXC001,OP1001,1282.0,4.3,76.5,18,10,Fastened,No,86.6,23.1,No,,62.0,,81.3,267.4,,
2025-05-12 09:00:00,LDR001,OP1002,792.0,5.4,75.7,13,5,Fastened,No,80.7,22.1,No,79.2,,,,,5325,64.8
2025-05-12 10:00:00,DZR001,OP1002,2123.0,2.8,72.0,0,19,Fastened,No,83.4,27.1,No,80.6,64.1,49.6,,,,
2025-05-12 10:00:00,EXC001,OP1001,1283.0,6.1,75.0,9,9,Fastened,No,84.3,26.2,No,,78.6,,79.6,304.4,,
2025-05-12 10:00:00,LDR001,OP1002,793.0,5.7,74.3,6,5,Fastened,No,85.5,28.6,No,79.3,,,,,4634,66.1
2025-05-12 11:00:00,DZR001,OP1002,2124.0,6.5,70.4,8,9,Fastened,No,82.5,30.9,No,84.7,65.6,49.0,,,,
2025-05-12 11:00:00,EXC001,OP1001,1284.0,7.4,73.2,16,6,Fastened,No,91.5,31.3,No,,82.2,,86.5,286.2,,
2025-05-12 11:00:00,LDR001,OP1002,794.0,4.5,73.2,16,11,Fastened,No,88.6,33.0,No,86.8,,,,,4767,66.3
2025-05-12 12:00:00,DZR001,OP1002,2125.0,4.6,69.3,10,4,Fastened,No,84.2,36.2,No,81.3,76.4,48.7,,,,
2025-05-12 12:00:00,EXC001,OP1001,1285.0,4.6,72.0,10,6,Fastened,No,87.0,33.9,No,,83.3,,79.8,266.2,,
2025-05-12 12:00:00,LDR001,OP1002,795.0,4.0,72.2,14,2,Fastened,No,82.4,32.4,No,76.9,,,,,5520,69.5
2025-05-12 13:00:00,DZR001,OP1002,2126.0,4.9,68.1,8,9,Fastened,No,84.6,37.1,No,86.5,65.0,49.6,,,,
2025-05-12 13:00:00,EXC001,OP1001,1286.0,6.9,70.4,13,8,Fastened,No,85.9,35.7,No,,60.9,,80.0,258.9,,
2025-05-12 13:00:00,LDR001,OP1002,796.0,6.7,70.6,12,2,Fastened,No,85.6,34.6,No,78.0,,,,,4455,67.9
2025-05-12 14:00:00,DZR001,OP1002,2127.0,4.9,66.9,14,9,Fastened,No,90.0,37.7,No,81.1,62.9,49.0,,,,
2025-05-12 14:00:00,EXC001,OP1001,1287.0,5.7,69.0,17,3,Fastened,No,90.1,36.2,No,,65.8,,83.3,317.3,,
2025-05-12 14:00:00,LDR001,OP1002,797.0,1.7,70.2,0,22,Fastened,No,83.7,35.7,No,80.0,,,,,0,68.7
2025-05-12 15:00:00,DZR001,OP1002,2128.0,5.8,65.5,14,5,Fastened,No,88.7,34.9,No,91.4,79.3,50.0,,,,
2025-05-12 15:00:00,EXC001,OP1001,1288.0,4.1,68.0,6,11,Fastened,No,88.4,34.6,No,,86.3,,80.0,270.8,,
2025-05-12 15:00:00,LDR001,OP1002,798.0,4.7,69.0,11,3,Fastened,No,84.9,35.9,No,78.6,,,,,4658,64.3
2025-05-13 07:00:00,DZR001,OP1002,2129.0,5.3,92.8,14,11,Fastened,No,76.7,14.9,No,77.5,71.8,49.7,,,,
2025-05-13 07:00:00,EXC001,OP1001,1289.0,5.2,93.7,17,10,Fastened,No,80.4,17.6,No,,62.6,,72.3,300.5,,
2025-05-13 07:00:00,LDR001,OP1002,799.0,5.3,91.3,9,8,Fastened,No,75.3,15.1,No,73.4,,,,,4943,67.4
2025-05-13 08:00:00,DZR001,OP1002,2130.0,4.0,91.8,14,6,Fastened,No,76.3,18.5,No,74.7,76.7,49.3,,,,
2025-05-13 08:00:00,EXC001,OP1001,1290.0,6.9,92.0,12,11,Fastened,No,80.5,19.6,No,,61.5,,79.4,301.3,,
2025-05-13 08:00:00,LDR001,OP1002,800.0,4.8,90.2,15,8,Fastened,No,85.9,18.4,No,81.7,,,,,4465,65.5
2025-05-13 09:00:00,DZR001,OP1002,2131.0,4.1,90.8,16,11,Fastened,No,84.5,23.4,No,81.0,69.2,48.9,,,,
2025-05-13 09:00:00,EXC001,OP1001,1291.0,6.0,90.5,7,6,Fastened,No,81.4,23.4,No,,82.2,,78.7,254.8,,
2025-05-13 09:00:00,LDR001,OP1002,801.0,6.4,88.6,10,10,Fastened,No,83.6,23.6,No,77.2,,,,,4137,62.2
2025-05-13 10:00:00,DZR001,OP1002,2132.0,6.9,89.2,10,9,Fastened,No,83.0,27.4,No,86.5,82.1,49.4,,,,
2025-05-13 10:00:00,EXC001,OP1001,1292.0,5.7,89.1,18,5,Fastened,No,85.6,27.7,No,,73.1,,76.8,298.6,,
2025-05-13 10:00:00,LDR001,OP1002,802.0,1.7,88.2,0,23,Fastened,No,84.4,26.9,No,82.0,,,,,0,71.9
2025-05-13 11:00:00,DZR001,OP1002,2133.0,5.7,87.8,11,11,Fastened,No,84.9,33.0,No,87.4,56.0,49.6,,,,
2025-05-13 11:00:00,EXC001,OP1001,1293.0,4.1,88.1,15,4,Fastened,No,90.3,33.3,No,,75.7,,85.9,286.8,,
2025-05-13 11:00:00,LDR001,OP1002,803.0,7.2,86.4,15,8,Fastened,No,92.0,32.2,No,88.1,,,,,5165,63.9
2025-05-13 12:00:00,DZR001,OP1002,2134.0,6.9,86.1,7,3,Fastened,No,82.8,32.6,No,80.7,78.9,49.5,,,,
2025-05-13 12:00:00,EXC001,OP1001,1294.0,4.7,87.0,15,6,Fastened,No,89.7,35.1,No,,69.9,,78.8,259.0,,
2025-05-13 12:00:00,LDR001,OP1002,804.0,4.5,85.3,12,12,Fastened,No,88.7,35.1,No,83.4,,,,,5042,62.8
2025-05-13 13:00:00,DZR001,OP1002,2135.0,5.3,84.8,9,7,Fastened,No,86.7,35.9,No,82.9,60.5,49.9,,,,
2025-05-13 13:00:00,EXC001,OP1001,1295.0,6.4,85.4,13,8,Fastened,Yes,89.1,37.4,Yes,,59.2,,84.9,310.5,,
2025-05-13 13:00:00,LDR001,OP1002,805.0,6.1,83.8,16,9,Fastened,No,89.8,34.8,No,80.1,,,,,5852,69.0
2025-05-13 14:00:00,DZR001,OP1002,2136.0,6.6,83.2,11,8,Fastened,No,89.3,36.7,No,88.7,67.5,49.8,,,,
2025-05-13 14:00:00,EXC001,OP1001,1296.0,6.0,84.0,10,9,Fastened,No,84.8,34.9,No,,77.5,,76.6,315.8,,
2025-05-13 14:00:00,LDR001,OP1002,806.0,2.3,83.3,0,15,Fastened,No,86.9,35.5,No,84.2,,,,,0,70.6
2025-05-13 15:00:00,DZR001,OP1002,2137.0,4.5,82.1,6,3,Fastened,No,84.4,36.3,No,80.9,77.1,50.5,,,,
2025-05-13 15:00:00,EXC001,OP1001,1297.0,5.9,82.5,10,4,Fastened,No,85.4,35.0,No,,61.8,,80.9,249.5,,
2025-05-13 15:00:00,LDR001,OP1002,807.0,5.4,82.0,17,4,Fastened,No,90.3,34.9,No,85.8,,,,,3961,63.2
2025-05-14 07:00:00,DZR001,OP1002,2138.0,6.0,77.0,17,3,Fastened,No,84.5,16.8,No,79.9,62.6,49.5,,,,
2025-05-14 07:00:00,EXC001,OP1001,1298.0,7.2,82.4,11,8,Fastened,No,76.5,18.2,No,,70.3,,72.5,298.6,,
2025-05-14 07:00:00,LDR001,OP1002,808.0,6.6,90.1,7,3,Fastened,No,79.1,15.1,No,72.4,,,,,4608,65.3
2025-05-14 08:00:00,DZR001,OP1002,2139.0,5.8,75.5,8,11,Fastened,No,82.2,21.6,No,78.8,83.3,49.1,,,,
2025-05-14 08:00:00,EXC001,OP1001,1299.0,5.4,81.1,9,6,Fastened,No,76.9,21.5,No,,64.8,,69.2,285.8,,
2025-05-14 08:00:00,LDR001,OP1002,809.0,4.7,89.0,7,6,Fastened,No,80.5,21.6,No,73.6,,,,,4675,71.9
2025-05-14 09:00:00,DZR001,OP1002,2140.0,2.6,74.9,0,30,Fastened,Yes,82.3,22.7,Yes,87.0,81.4,50.3,,,,
2025-05-14 09:00:00,EXC001,OP1001,1300.0,4.9,79.9,18,4,Fastened,No,84.8,22.1,No,,64.7,,74.1,262.4,,
2025-05-14 09:00:00,LDR001,OP1002,810.0,1.7,88.5,0,16,Fastened,No,81.8,24.6,No,80.4,,,,,0,61.4
2025-05-14 10:00:00,DZR001,OP1002,2141.0,2.2,74.4,0,35,Fastened,No,84.9,26.6,No,79.4,68.5,49.6,,,,
2025-05-14 10:00:00,EXC001,OP1001,1301.0,6.5,78.3,10,10,Fastened,No,79.3,27.6,No,,63.9,,77.8,298.8,,
2025-05-14 10:00:00,LDR001,OP1002,811.0,3.0,87.8,0,25,Fastened,No,79.0,27.8,No,78.6,,,,,0,70.6
2025-05-14 11:00:00,DZR001,OP1002,2142.0,7.1,72.6,14,8,Fastened,No,85.0,33.2,No,85.5,81.9,49.2,,,,
2025-05-14 11:00:00,EXC001,OP1001,1302.0,5.0,77.1,9,7,Fastened,No,87.1,33.7,No,,76.8,,82.7,296.7,,
2025-05-14 11:00:00,LDR001,OP1002,812.0,6.5,86.2,12,6,Fastened,No,84.2,31.8,No,84.1,,,,,5425,60.8
2025-05-14 12:00:00,DZR001,OP1002,2143.0,1.3,72.3,0,51,Fastened,Yes,86.0,33.6,No,86.9,62.8,50.9,,,,
2025-05-14 12:00:00,EXC001,OP1001,1303.0,6.5,75.5,7,10,Fastened,No,84.7,35.7,No,,70.4,,82.5,300.5,,
2025-05-14 12:00:00,LDR001,OP1002,813.0,4.3,85.2,12,10,Fastened,No,83.8,32.6,No,78.8,,,,,4610,71.8
2025-05-14 13:00:00,DZR001,OP1002,2144.0,5.6,71.0,14,5,Unfastened,Yes,83.9,36.2,No,80.4,70.1,49.6,,,,
2025-05-14 13:00:00,EXC001,OP1001,1304.0,5.6,74.1,17,5,Fastened,No,93.3,34.7,No,,66.6,,90.1,286.0,,
2025-05-14 13:00:00,LDR001,OP1002,814.0,6.4,83.6,13,7,Fastened,No,88.4,37.0,No,85.7,,,,,5731,65.0
2025-05-14 14:00:00,DZR001,OP1002,2145.0,1.5,70.6,0,33,Fastened,No,83.4,35.3,No,86.5,64.7,49.9,,,,
2025-05-14 14:00:00,EXC001,OP1001,1305.0,4.7,73.0,14,7,Fastened,No,89.1,35.5,No,,72.6,,81.7,319.5,,
2025-05-14 14:00:00,LDR001,OP1002,815.0,7.5,81.8,7,9,Fastened,No,86.8,37.0,No,88.5,,,,,5427,62.5
2025-05-14 15:00:00,DZR001,OP1002,2146.0,6.2,69.1,18,3,Fastened,No,89.4,35.3,No,83.8,74.9,50.1,,,,
2025-05-14 15:00:00,EXC001,OP1001,1306.0,4.4,71.9,16,9,Fastened,No,87.9,33.6,No,,79.0,,77.3,300.5,,
2025-05-14 15:00:00,LDR001,OP1002,816.0,7.2,80.0,13,8,Fastened,No,89.0,35.0,No,83.4,,,,,3955,70.2
2025-05-15 07:00:00,DZR001,OP1002,2147.0,5.8,96.6,14,3,Fastened,No,79.6,16.1,No,81.3,84.0,51.0,,,,
2025-05-15 07:00:00,EXC001,OP1001,1307.0,2.8,94.9,0,23,Fastened,No,74.3,15.7,No,,58.4,,69.2,305.7,,
2025-05-15 07:00:00,LDR001,OP1002,817.0,6.0,88.0,17,8,Fastened,No,80.1,16.7,No,76.4,,,,,5880,68.4
2025-05-15 08:00:00,DZR001,OP1002,2148.0,6.0,95.2,10,8,Fastened,No,77.3,20.3,No,75.6,70.3,49.7,,,,
2025-05-15 08:00:00,EXC001,OP1001,1308.0,5.1,93.7,18,2,Fastened,No,83.5,20.9,No,,84.8,,76.6,281.8,,
2025-05-15 08:00:00,LDR001,OP1002,818.0,7.4,86.2,17,9,Fastened,No,86.8,18.6,No,77.0,,,,,4943,70.6
2025-05-15 09:00:00,DZR001,OP1002,2149.0,1.4,94.8,0,28,Fastened,No,79.9,25.8,No,81.3,73.3,49.1,,,,
2025-05-15 09:00:00,EXC001,OP1001,1309.0,2.8,93.0,0,22,Fastened,No,83.3,25.5,No,,72.3,,81.7,315.8,,
2025-05-15 09:00:00,LDR001,OP1002,819.0,5.8,84.8,9,9,Fastened,No,81.6,23.0,No,83.5,,,,,5378,69.1
2025-05-15 10:00:00,DZR001,OP1002,2150.0,6.7,93.2,16,11,Fastened,No,87.3,29.6,No,91.4,65.8,50.6,,,,
2025-05-15 10:00:00,EXC001,OP1001,1310.0,5.0,91.8,8,5,Fastened,No,84.8,29.8,No,,70.4,,75.7,306.1,,
2025-05-15 10:00:00,LDR001,OP1002,820.0,2.3,84.2,0,17,Fastened,No,78.6,26.8,No,71.0,,,,,0,66.2
2025-05-15 11:00:00,DZR001,OP1002,2151.0,6.5,91.6,16,10,Fastened,No,86.9,30.5,No,83.3,77.0,50.8,,,,
2025-05-15 11:00:00,EXC001,OP1001,1311.0,5.9,90.4,11,11,Fastened,No,81.9,32.8,No,,84.9,,75.9,278.9,,
2025-05-15 11:00:00,LDR001,OP1002,821.0,5.2,83.0,17,8,Fastened,No,90.1,32.8,No,85.3,,,,,4178,65.7
2025-05-15 12:00:00,DZR001,OP1002,2152.0,6.2,90.1,18,6,Fastened,No,94.7,34.4,No,99.3,70.1,50.8,,,,
2025-05-15 12:00:00,EXC001,OP1001,1312.0,5.2,89.1,6,7,Fastened,No,85.3,34.8,No,,74.0,,74.5,286.2,,
2025-05-15 12:00:00,LDR001,OP1002,822.0,6.5,81.4,17,6,Fastened,No,94.0,32.8,No,86.5,,,,,4300,67.4
2025-05-15 13:00:00,DZR001,OP1002,2153.0,4.9,88.9,12,12,Fastened,No,88.0,35.2,No,87.3,75.7,50.0,,,,
2025-05-15 13:00:00,EXC001,OP1001,1313.0,7.0,87.4,6,8,Fastened,No,84.3,33.9,No,,79.7,,79.8,281.7,,
2025-05-15 13:00:00,LDR001,OP1002,823.0,2.1,80.9,0,18,Fastened,No,86.8,34.6,No,86.2,,,,,0,69.1
2025-05-15 14:00:00,DZR001,OP1002,2154.0,2.6,88.3,0,25,Fastened,No,83.9,36.1,No,76.8,58.5,49.7,,,,
2025-05-15 14:00:00,EXC001,OP1001,1314.0,4.2,86.4,7,11,Fastened,No,86.8,37.8,No,,71.3,,76.7,255.4,,
2025-05-15 14:00:00,LDR001,OP1002,824.0,6.3,79.3,11,10,Fastened,Yes,84.1,35.9,Yes,83.1,,,,,5532,65.2
2025-05-15 15:00:00,DZR001,OP1002,2155.0,1.5,87.9,0,18,Fastened,No,85.8,35.4,No,80.4,77.9,50.5,,,,
2025-05-15 15:00:00,EXC001,OP1001,1315.0,5.1,85.1,7,6,Fastened,No,88.8,35.1,No,,80.4,,78.1,256.6,,
2025-05-15 15:00:00,LDR001,OP1002,825.0,5.2,78.1,10,8,Fastened,No,82.7,35.3,No,82.6,,,,,4450,62.0
2025-05-16 07:00:00,DZR001,OP1002,2156.0,4.5,83.2,15,6,Fastened,No,81.1,18.1,No,83.4,67.7,49.6,,,,
2025-05-16 07:00:00,EXC001,OP1001,1316.0,1.6,72.6,0,43,Fastened,No,76.0,14.6,No,,59.9,,70.6,245.5,,
2025-05-16 07:00:00,LDR001,OP1002,826.0,6.2,95.5,6,4,Fastened,No,74.9,17.1,No,71.9,,,,,4967,66.1
2025-05-16 08:00:00,DZR001,OP1002,2157.0,1.4,82.8,0,28,Fastened,No,82.1,19.5,No,83.5,58.1,51.2,,,,
2025-05-16 08:00:00,EXC001,OP1001,1317.0,6.1,71.2,12,3,Unfastened,Yes,78.1,21.3,No,,84.7,,68.8,251.4,,
2025-05-16 08:00:00,LDR001,OP1002,827.0,1.9,95.1,0,30,Fastened,No,76.3,18.7,No,67.7,,,,,0,61.7
2025-05-16 09:00:00,DZR001,OP1002,2158.0,1.6,82.4,0,24,Fastened,No,81.5,22.2,No,84.3,66.1,50.6,,,,
2025-05-16 09:00:00,EXC001,OP1001,1318.0,4.6,70.0,8,7,Fastened,No,83.7,23.6,No,,64.0,,81.9,287.2,,
2025-05-16 09:00:00,LDR001,OP1002,828.0,7.2,93.3,10,5,Fastened,No,76.9,22.3,No,67.2,,,,,4247,62.9
2025-05-16 10:00:00,DZR001,OP1002,2159.0,6.6,80.8,16,9,Fastened,No,86.9,27.6,No,88.3,75.5,49.3,,,,
2025-05-16 10:00:00,EXC001,OP1001,1319.0,2.4,69.5,0,36,Fastened,Yes,82.2,26.9,Yes,,77.3,,73.9,256.0,,
2025-05-16 10:00:00,LDR001,OP1002,829.0,2.4,92.7,0,25,Fastened,No,84.4,27.8,No,76.5,,,,,0,62.8
2025-05-16 11:00:00,DZR001,OP1002,2160.0,6.5,79.3,13,4,Fastened,No,85.2,33.0,No,85.8,55.5,50.0,,,,
2025-05-16 11:00:00,EXC001,OP1001,1320.0,4.1,68.5,15,5,Fastened,No,90.4,32.9,No,,62.9,,80.0,309.9,,
2025-05-16 11:00:00,LDR001,OP1002,830.0,6.4,91.2,11,3,Fastened,No,81.4,30.6,No,76.8,,,,,5571,67.2
2025-05-16 12:00:00,DZR001,OP1002,2161.0,7.3,77.5,17,10,Fastened,No,88.9,35.8,No,86.0,84.8,51.0,,,,
2025-05-16 12:00:00,EXC001,OP1001,1321.0,6.5,66.9,13,7,Fastened,No,82.2,33.3,No,,71.4,,74.6,305.7,,
2025-05-16 12:00:00,LDR001,OP1002,831.0,5.5,89.8,15,12,Fastened,No,93.8,35.1,No,89.6,,,,,4727,62.0
2025-05-16 13:00:00,DZR001,OP1002,2162.0,4.1,76.5,16,12,Fastened,No,93.5,36.4,No,98.5,72.0,50.6,,,,
2025-05-16 13:00:00,EXC001,OP1001,1322.0,5.8,65.5,12,10,Unfastened,Yes,84.9,35.0,No,,72.3,,77.8,264.0,,
2025-05-16 13:00:00,LDR001,OP1002,832.0,5.2,88.5,16,7,Fastened,No,93.6,33.8,No,95.2,,,,,3959,70.7
2025-05-16 14:00:00,DZR001,OP1002,2163.0,6.1,75.0,7,5,Fastened,No,86.8,34.0,No,91.2,68.8,50.3,,,,
2025-05-16 14:00:00,EXC001,OP1001,1323.0,1.8,65.0,0,37,Fastened,No,83.6,34.4,No,,76.2,,76.5,248.5,,
2025-05-16 14:00:00,LDR001,OP1002,833.0,7.4,86.7,7,4,Fastened,No,84.8,34.4,No,83.7,,,,,4386,64.2
2025-05-16 15:00:00,DZR001,OP1002,2164.0,5.4,73.7,13,7,Fastened,No,83.7,33.2,No,77.4,55.8,49.7,,,,
2025-05-16 15:00:00,EXC001,OP1001,1324.0,7.3,63.2,17,8,Unfastened,Yes,94.0,36.3,No,,78.5,,86.6,253.9,,
2025-05-16 15:00:00,LDR001,OP1002,834.0,4.5,85.6,9,9,Fastened,No,84.1,33.0,No,75.4,,,,,5617,66.8
2025-05-17 07:00:00,DZR001,OP1002,2165.0,4.7,70.7,12,5,Fastened,No,79.3,18.1,No,76.0,79.1,49.7,,,,
2025-05-17 07:00:00,EXC001,OP1001,1325.0,5.8,91.2,6,3,Fastened,No,75.8,17.9,No,,81.5,,68.5,260.5,,
2025-05-17 07:00:00,LDR001,OP1002,835.0,2.1,85.0,0,52,Unfastened,Yes,73.6,14.6,No,75.9,,,,,0,61.0
2025-05-17 08:00:00,DZR001,OP1002,2166.0,7.4,68.9,11,5,Fastened,No,76.4,19.2,No,79.7,80.3,50.7,,,,
2025-05-17 08:00:00,EXC001,OP1001,1326.0,7.0,89.5,10,10,Fastened,No,76.7,21.2,No,,68.5,,74.6,310.9,,
2025-05-17 08:00:00,LDR001,OP1002,836.0,7.3,83.3,6,4,Fastened,No,76.5,21.6,No,75.5,,,,,4931,71.2
2025-05-17 09:00:00,DZR001,OP1002,2167.0,2.7,68.3,0,22,Fastened,No,81.4,24.0,No,74.3,73.9,49.5,,,,
2025-05-17 09:00:00,EXC001,OP1001,1327.0,4.5,88.4,11,10,Fastened,No,78.3,22.5,No,,85.5,,77.2,278.2,,
2025-05-17 09:00:00,LDR001,OP1002,837.0,7.4,81.5,16,2,Unfastened,Yes,86.8,24.4,No,86.6,,,,,4101,69.1
2025-05-17 10:00:00,DZR001,OP1002,2168.0,6.9,66.6,18,8,Fastened,No,87.8,28.6,No,82.4,81.1,49.8,,,,
2025-05-17 10:00:00,EXC001,OP1001,1328.0,5.6,87.1,8,11,Fastened,No,81.1,29.0,No,,69.9,,78.1,258.8,,
2025-05-17 10:00:00,LDR001,OP1002,838.0,1.5,81.1,0,52,Fastened,Yes,84.4,27.6,No,79.6,,,,,0,62.2
2025-05-17 11:00:00,DZR001,OP1002,2169.0,2.2,66.0,0,15,Fastened,No,86.7,30.5,No,84.9,62.9,50.4,,,,
2025-05-17 11:00:00,EXC001,OP1001,1329.0,5.0,85.9,17,9,Fastened,No,92.3,31.6,No,,74.3,,84.5,256.2,,
2025-05-17 11:00:00,LDR001,OP1002,839.0,4.1,80.1,17,6,Unfastened,Yes,92.5,32.7,No,93.5,,,,,5562,67.5
2025-05-17 12:00:00,DZR001,OP1002,2170.0,6.0,64.6,15,5,Fastened,No,89.2,36.1,No,83.5,75.3,51.4,,,,
2025-05-17 12:00:00,EXC001,OP1001,1330.0,6.1,84.4,9,9,Fastened,No,82.3,33.9,No,,58.7,,73.3,266.7,,
2025-05-17 12:00:00,LDR001,OP1002,840.0,7.5,78.3,14,7,Unfastened,Yes,83.2,34.2,No,86.1,,,,,3969,69.6
2025-05-17 13:00:00,DZR001,OP1002,2171.0,5.9,63.1,11,6,Fastened,No,89.4,37.4,No,93.0,55.0,49.8,,,,
2025-05-17 13:00:00,EXC001,OP1001,1331.0,5.3,83.1,14,5,Fastened,No,83.4,35.9,No,,75.7,,74.3,296.3,,
2025-05-17 13:00:00,LDR001,OP1002,841.0,2.2,77.7,0,37,Fastened,Yes,85.2,34.1,Yes,78.8,,,,,0,63.4
2025-05-17 14:00:00,DZR001,OP1002,2172.0,5.0,61.9,15,6,Fastened,No,95.9,37.4,No,94.1,58.6,50.3,,,,
2025-05-17 14:00:00,EXC001,OP1001,1332.0,5.7,81.7,14,6,Fastened,No,84.7,37.1,No,,83.1,,80.2,263.7,,
2025-05-17 14:00:00,LDR001,OP1002,842.0,2.0,77.2,0,32,Fastened,No,84.1,33.8,No,74.3,,,,,0,67.9
2025-05-17 15:00:00,DZR001,OP1002,2173.0,4.6,60.8,18,12,Fastened,No,91.7,34.0,No,96.1,65.9,51.0,,,,
2025-05-17 15:00:00,EXC001,OP1001,1333.0,4.1,80.7,7,3,Fastened,No,83.8,35.4,No,,59.4,,75.6,309.3,,
2025-05-17 15:00:00,LDR001,OP1002,843.0,4.9,76.0,16,10,Unfastened,Yes,92.2,32.9,No,87.0,,,,,4909,61.6
2025-05-18 07:00:00,DZR001,OP1002,2174.0,4.7,86.8,15,5,Fastened,No,84.1,15.5,No,76.4,78.0,51.1,,,,
2025-05-18 07:00:00,EXC001,OP1001,1334.0,5.2,76.6,9,6,Fastened,No,76.8,14.7,No,,67.4,,71.4,296.5,,
2025-05-18 07:00:00,LDR001,OP1002,844.0,1.2,77.5,0,18,Fastened,No,76.9,14.4,No,77.3,,,,,0,69.9
2025-05-18 08:00:00,DZR001,OP1002,2175.0,6.6,85.2,10,8,Fastened,No,78.9,20.2,No,73.6,71.4,50.3,,,,
2025-05-18 08:00:00,EXC001,OP1001,1335.0,5.4,75.3,8,9,Fastened,No,81.4,19.1,No,,61.0,,74.0,255.0,,
2025-05-18 08:00:00,LDR001,OP1002,845.0,3.0,76.8,0,16,Fastened,No,75.1,18.9,No,77.9,,,,,0,70.8
2025-05-18 09:00:00,DZR001,OP1002,2176.0,2.9,84.5,0,24,Fastened,No,78.0,23.6,No,78.2,67.8,50.4,,,,
2025-05-18 09:00:00,EXC001,OP1001,1336.0,5.3,74.0,18,5,Fastened,No,84.4,22.0,No,,66.3,,74.9,254.2,,
2025-05-18 09:00:00,LDR001,OP1002,846.0,5.0,75.5,13,5,Fastened,No,84.2,24.5,No,77.8,,,,,4323,70.7
2025-05-18 10:00:00,DZR001,OP1002,2177.0,6.6,82.9,7,12,Fastened,No,82.3,27.8,No,73.6,65.6,51.3,,,,
2025-05-18 10:00:00,EXC001,OP1001,1337.0,5.2,72.7,11,11,Fastened,No,86.1,29.2,No,,60.3,,80.1,310.3,,
2025-05-18 10:00:00,LDR001,OP1002,847.0,5.2,74.3,13,7,Fastened,No,80.9,26.9,No,74.4,,,,,5679,64.0
2025-05-18 11:00:00,DZR001,OP1002,2178.0,4.4,81.8,7,12,Fastened,No,81.7,30.4,No,76.2,76.9,50.7,,,,
2025-05-18 11:00:00,EXC001,OP1001,1338.0,6.4,71.2,6,10,Fastened,No,88.1,33.4,No,,87.9,,86.8,255.6,,
2025-05-18 11:00:00,LDR001,OP1002,848.0,4.2,73.2,8,2,Fastened,No,81.2,31.9,No,78.4,,,,,4765,65.2
2025-05-18 12:00:00,DZR001,OP1002,2179.0,7.4,80.0,14,5,Fastened,No,85.8,33.1,No,87.1,62.3,50.4,,,,
2025-05-18 12:00:00,EXC001,OP1001,1339.0,5.2,69.9,14,10,Fastened,No,85.6,33.1,No,,88.0,,79.3,290.3,,
2025-05-18 12:00:00,LDR001,OP1002,849.0,4.5,72.2,14,3,Fastened,No,87.5,35.6,No,83.8,,,,,4179,71.4
2025-05-18 13:00:00,DZR001,OP1002,2180.0,6.5,78.4,15,7,Fastened,No,95.3,36.0,No,97.7,81.4,51.2,,,,
2025-05-18 13:00:00,EXC001,OP1001,1340.0,7.5,68.1,9,9,Fastened,No,89.2,35.5,No,,83.1,,78.2,313.3,,
2025-05-18 13:00:00,LDR001,OP1002,850.0,7.5,70.3,18,3,Fastened,No,88.8,35.1,No,88.9,,,,,4210,68.9
2025-05-18 14:00:00,DZR001,OP1002,2181.0,5.0,77.2,15,10,Fastened,No,92.7,37.5,No,84.3,55.7,51.1,,,,
2025-05-18 14:00:00,EXC001,OP1001,1341.0,6.7,66.4,10,4,Fastened,No,84.5,37.4,No,,61.7,,79.5,277.2,,
2025-05-18 14:00:00,LDR001,OP1002,851.0,5.4,69.0,9,3,Fastened,No,87.0,37.6,No,82.8,,,,,4502,67.0
2025-05-18 15:00:00,DZR001,OP1002,2182.0,4.0,76.2,13,5,Fastened,No,82.7,33.2,No,83.1,63.7,50.0,,,,
2025-05-18 15:00:00,EXC001,OP1001,1342.0,4.6,65.3,14,3,Fastened,No,87.5,33.9,No,,71.6,,83.6,290.0,,
2025-05-18 15:00:00,LDR001,OP1002,852.0,5.7,67.6,11,11,Fastened,Yes,85.7,34.9,Yes,87.6,,,,,4185,71.6
2025-05-19 07:00:00,DZR001,OP1002,2183.0,4.5,98.1,18,3,Fastened,No,86.9,18.0,No,89.3,76.3,51.6,,,,
2025-05-19 07:00:00,EXC001,OP1001,1343.0,7.0,91.0,15,9,Fastened,No,82.0,14.5,No,,59.9,,73.7,257.2,,
2025-05-19 07:00:00,LDR001,OP1002,853.0,5.5,77.0,18,5,Fastened,No,81.1,14.8,No,82.5,,,,,5900,68.5
2025-05-19 08:00:00,DZR001,OP1002,2184.0,4.7,97.0,10,10,Fastened,No,80.7,18.0,No,85.6,68.7,50.9,,,,
2025-05-19 08:00:00,EXC001,OP1001,1344.0,4.2,90.0,11,5,Fastened,No,77.9,17.9,No,,82.5,,70.9,266.6,,
2025-05-19 08:00:00,LDR001,OP1002,854.0,7.5,75.2,18,11,Fastened,No,87.0,18.5,No,84.2,,,,,4153,65.2
2025-05-19 09:00:00,DZR001,OP1002,2185.0,4.1,96.0,16,7,Fastened,No,87.9,22.2,No,92.4,79.1,50.3,,,,
2025-05-19 09:00:00,EXC001,OP1001,1345.0,4.2,88.9,9,9,Fastened,No,83.0,25.2,No,,62.6,,74.1,316.7,,
2025-05-19 09:00:00,LDR001,OP1002,855.0,4.7,74.0,6,11,Fastened,No,77.8,24.6,No,78.9,,,,,5699,67.4
2025-05-19 10:00:00,DZR001,OP1002,2186.0,5.8,94.6,6,4,Fastened,No,81.8,28.9,No,73.8,77.6,51.4,,,,
2025-05-19 10:00:00,EXC001,OP1001,1346.0,5.4,87.6,18,8,Fastened,No,84.8,26.5,No,,72.5,,78.8,300.1,,
2025-05-19 10:00:00,LDR001,OP1002,856.0,2.7,73.4,0,27,Fastened,No,85.5,29.9,No,79.0,,,,,0,66.3
2025-05-19 11:00:00,DZR001,OP1002,2187.0,6.4,93.0,10,8,Fastened,No,86.3,30.1,No,83.4,75.6,50.1,,,,
2025-05-19 11:00:00,EXC001,OP1001,1347.0,5.7,86.2,10,6,Fastened,No,84.1,31.9,No,,69.0,,82.9,247.2,,
2025-05-19 11:00:00,LDR001,OP1002,857.0,1.8,72.9,0,15,Fastened,No,86.9,32.7,No,89.7,,,,,0,62.1
2025-05-19 12:00:00,DZR001,OP1002,2188.0,7.4,91.2,6,11,Fastened,Yes,86.5,33.2,Yes,89.4,72.8,51.2,,,,
2025-05-19 12:00:00,EXC001,OP1001,1348.0,4.6,85.1,8,9,Fastened,No,86.7,36.2,No,,67.2,,81.1,281.1,,
2025-05-19 12:00:00,LDR001,OP1002,858.0,4.3,71.9,9,2,Fastened,No,83.9,36.0,No,76.4,,,,,4301,71.1
2025-05-19 13:00:00,DZR001,OP1002,2189.0,4.5,90.1,13,12,Fastened,No,83.6,35.4,No,79.6,78.8,50.7,,,,
2025-05-19 13:00:00,EXC001,OP1001,1349.0,5.4,83.8,16,3,Fastened,No,89.2,35.3,No,,79.3,,82.9,251.0,,
2025-05-19 13:00:00,LDR001,OP1002,859.0,5.8,70.5,11,9,Fastened,No,83.8,34.3,No,75.9,,,,,5090,70.6
2025-05-19 14:00:00,DZR001,OP1002,2190.0,6.3,88.6,8,7,Fastened,No,88.5,37.6,No,83.5,62.4,51.1,,,,
2025-05-19 14:00:00,EXC001,OP1001,1350.0,6.4,82.2,7,11,Fastened,No,82.5,34.0,No,,75.7,,74.4,297.2,,
2025-05-19 14:00:00,LDR001,OP1002,860.0,4.7,69.3,16,7,Fastened,No,89.9,36.6,No,85.5,,,,,4926,70.9
2025-05-19 15:00:00,DZR001,OP1002,2191.0,7.1,86.9,16,6,Fastened,No,89.1,36.3,No,84.8,65.5,50.8,,,,
2025-05-19 15:00:00,EXC001,OP1001,1351.0,5.6,80.9,11,5,Fastened,No,85.2,33.6,No,,78.2,,75.9,291.6,,
2025-05-19 15:00:00,LDR001,OP1002,861.0,6.5,67.7,16,5,Fastened,No,92.0,35.1,No,82.1,,,,,5834,64.0
2025-05-20 07:00:00,DZR001,OP1002,2192.0,7.5,79.6,12,6,Fastened,No,78.0,15.9,No,78.3,69.4,49.9,,,,
2025-05-20 07:00:00,EXC001,OP1001,1352.0,5.1,79.1,17,9,Fastened,No,80.6,14.7,No,,76.4,,77.1,282.9,,
2025-05-20 07:00:00,LDR001,OP1002,862.0,4.9,89.2,18,8,Fastened,No,83.1,14.3,No,78.9,,,,,5564,68.8
2025-05-20 08:00:00,DZR001,OP1002,2193.0,7.5,77.8,8,9,Fastened,No,83.1,21.8,No,76.0,65.8,51.1,,,,
2025-05-20 08:00:00,EXC001,OP1001,1353.0,5.6,77.7,14,10,Fastened,No,81.7,20.3,No,,74.7,,78.1,296.5,,
2025-05-20 08:00:00,LDR001,OP1002,863.0,2.7,88.6,0,25,Fastened,No,81.0,21.4,No,81.2,,,,,0,70.7
2025-05-20 09:00:00,DZR001,OP1002,2194.0,4.1,76.8,14,10,Fastened,No,78.4,23.4,No,73.4,64.9,50.8,,,,
2025-05-20 09:00:00,EXC001,OP1001,1354.0,4.4,76.7,15,10,Fastened,No,85.3,22.5,No,,63.5,,84.0,277.7,,
2025-05-20 09:00:00,LDR001,OP1002,864.0,4.1,87.6,9,7,Fastened,No,82.2,23.9,No,72.5,,,,,5800,66.7
2025-05-20 10:00:00,DZR001,OP1002,2195.0,4.1,75.8,14,10,Fastened,No,80.5,27.2,No,74.1,64.5,51.8,,,,
2025-05-20 10:00:00,EXC001,OP1001,1355.0,2.9,75.9,0,29,Fastened,No,86.3,29.5,No,,59.8,,81.3,262.7,,
2025-05-20 10:00:00,LDR001,OP1002,865.0,7.3,85.8,16,10,Fastened,No,89.5,27.7,No,90.1,,,,,4129,62.8
2025-05-20 11:00:00,DZR001,OP1002,2196.0,2.3,75.3,0,25,Fastened,No,84.4,33.7,No,83.6,62.0,51.2,,,,
2025-05-20 11:00:00,EXC001,OP1001,1356.0,4.3,74.9,13,6,Fastened,No,85.5,32.6,No,,86.5,,75.7,269.9,,
2025-05-20 11:00:00,LDR001,OP1002,866.0,5.1,84.5,12,7,Fastened,Yes,85.0,29.7,Yes,77.1,,,,,5362,65.0
2025-05-20 12:00:00,DZR001,OP1002,2197.0,5.4,73.9,15,6,Fastened,No,89.3,34.2,No,80.8,82.4,50.0,,,,
2025-05-20 12:00:00,EXC001,OP1001,1357.0,4.4,73.8,10,6,Fastened,No,85.2,35.7,No,,82.5,,76.8,293.5,,
2025-05-20 12:00:00,LDR001,OP1002,867.0,4.7,83.4,18,8,Fastened,No,90.6,35.8,No,90.4,,,,,4406,65.1
2025-05-20 13:00:00,DZR001,OP1002,2198.0,7.0,72.2,17,3,Fastened,No,89.3,35.3,No,87.7,59.4,51.8,,,,
2025-05-20 13:00:00,EXC001,OP1001,1358.0,2.0,73.3,0,26,Fastened,No,82.5,34.7,No,,86.6,,75.5,279.5,,
2025-05-20 13:00:00,LDR001,OP1002,868.0,4.4,82.3,12,12,Fastened,No,83.3,34.0,No,76.0,,,,,4086,69.0
2025-05-20 14:00:00,DZR001,OP1002,2199.0,5.3,70.9,6,7,Fastened,No,86.1,37.5,No,77.2,80.7,51.3,,,,
2025-05-20 14:00:00,EXC001,OP1001,1359.0,1.3,73.0,0,27,Fastened,No,87.5,36.5,No,,77.0,,84.0,289.1,,
2025-05-20 14:00:00,LDR001,OP1002,869.0,4.0,81.3,7,3,Fastened,No,85.4,35.3,No,83.0,,,,,4289,63.5
2025-05-20 15:00:00,DZR001,OP1002,2200.0,5.5,69.6,7,9,Fastened,No,86.4,36.3,No,81.3,72.7,51.2,,,,
2025-05-20 15:00:00,EXC001,OP1001,1360.0,7.3,71.2,18,8,Fastened,No,87.8,34.0,No,,60.4,,77.8,306.3,,
2025-05-20 15:00:00,LDR001,OP1002,870.0,5.0,80.1,14,5,Fastened,No,88.3,34.6,No,87.8,,,,,3928,65.7
2025-05-21 07:00:00,DZR001,OP1002,2201.0,4.1,83.4,14,8,Fastened,No,78.1,15.3,No,75.6,72.7,50.2,,,,
2025-05-21 07:00:00,EXC001,OP1001,1361.0,1.7,76.3,0,30,Fastened,No,78.1,16.2,No,,67.3,,70.4,250.1,,
2025-05-21 07:00:00,LDR001,OP1002,871.0,4.2,80.1,11,6,Fastened,No,77.4,14.6,No,68.5,,,,,5591,61.9
2025-05-21 08:00:00,DZR001,OP1002,2202.0,5.5,82.1,6,5,Fastened,No,78.5,21.0,No,78.5,73.2,51.3,,,,
2025-05-21 08:00:00,EXC001,OP1001,1362.0,5.3,75.0,17,4,Fastened,No,82.3,19.6,No,,74.3,,75.0,255.1,,
2025-05-21 08:00:00,LDR001,OP1002,872.0,4.4,79.0,12,10,Fastened,No,76.1,18.8,No,67.9,,,,,3926,66.8
2025-05-21 09:00:00,DZR001,OP1002,2203.0,5.0,80.9,17,3,Fastened,No,87.1,22.5,No,90.3,82.0,50.3,,,,
2025-05-21 09:00:00,EXC001,OP1001,1363.0,3.0,74.3,0,18,Fastened,No,77.6,24.1,No,,79.6,,68.2,283.3,,
2025-05-21 09:00:00,LDR001,OP1002,873.0,5.9,77.6,16,5,Fastened,No,85.7,24.3,No,81.5,,,,,5880,71.1
2025-05-21 10:00:00,DZR001,OP1002,2204.0,6.1,79.4,16,6,Fastened,No,91.6,28.2,No,88.6,71.4,51.1,,,,
2025-05-21 10:00:00,EXC001,OP1001,1364.0,7.3,72.5,18,6,Fastened,No,90.1,26.8,No,,66.8,,80.8,265.3,,
2025-05-21 10:00:00,LDR001,OP1002,874.0,2.4,77.0,0,25,Fastened,No,85.1,29.2,No,78.4,,,,,0,63.4
2025-05-21 11:00:00,DZR001,OP1002,2205.0,5.5,78.0,8,9,Fastened,No,81.8,32.4,No,76.0,57.8,51.2,,,,
2025-05-21 11:00:00,EXC001,OP1001,1365.0,2.8,71.8,0,20,Fastened,No,84.2,31.0,No,,60.4,,78.5,302.5,,
2025-05-21 11:00:00,LDR001,OP1002,875.0,2.3,76.4,0,14,Fastened,No,82.4,30.7,No,82.4,,,,,0,68.8
2025-05-21 12:00:00,DZR001,OP1002,2206.0,4.9,76.9,12,4,Fastened,No,85.7,35.4,No,79.6,74.7,50.6,,,,
2025-05-21 12:00:00,EXC001,OP1001,1366.0,6.1,70.3,10,12,Fastened,No,88.6,34.5,No,,76.3,,84.5,291.2,,
2025-05-21 12:00:00,LDR001,OP1002,876.0,6.4,74.9,9,11,Fastened,No,83.1,32.6,No,82.3,,,,,4737,67.6
2025-05-21 13:00:00,DZR001,OP1002,2207.0,4.5,75.8,8,9,Fastened,No,82.7,34.4,No,83.6,81.1,50.6,,,,
2025-05-21 13:00:00,EXC001,OP1001,1367.0,5.2,69.0,17,3,Fastened,No,93.5,34.0,No,,79.9,,82.6,297.5,,
2025-05-21 13:00:00,LDR001,OP1002,877.0,5.4,73.5,7,11,Fastened,No,86.7,34.6,No,80.8,,,,,5006,70.4
2025-05-21 14:00:00,DZR001,OP1002,2208.0,5.0,74.5,16,6,Fastened,No,93.4,34.7,No,97.2,80.7,51.9,,,,
2025-05-21 14:00:00,EXC001,OP1001,1368.0,6.9,67.3,14,3,Fastened,No,83.3,35.2,No,,65.9,,79.9,263.3,,
2025-05-21 14:00:00,LDR001,OP1002,878.0,5.1,72.3,18,6,Fastened,No,89.3,34.8,No,88.8,,,,,5096,65.6
2025-05-21 15:00:00,DZR001,OP1002,2209.0,7.3,72.8,9,7,Fastened,No,87.0,36.0,No,83.1,82.9,51.8,,,,
2025-05-21 15:00:00,EXC001,OP1001,1369.0,5.3,66.1,15,9,Fastened,No,90.5,36.1,No,,82.5,,86.6,255.7,,
2025-05-21 15:00:00,LDR001,OP1002,879.0,6.8,70.6,14,7,Fastened,No,83.6,32.9,No,86.0,,,,,4526,71.3
2025-05-22 07:00:00,DZR001,OP1002,2210.0,1.3,82.7,0,16,Fastened,No,74.0,14.9,No,71.9,64.6,51.6,,,,
2025-05-22 07:00:00,EXC001,OP1001,1370.0,5.9,93.5,11,7,Fastened,No,74.2,15.1,No,,72.3,,68.1,317.8,,
2025-05-22 07:00:00,LDR001,OP1002,880.0,5.3,71.3,16,10,Fastened,No,80.7,15.4,No,78.5,,,,,3819,62.2
2025-05-22 08:00:00,DZR001,OP1002,2211.0,4.6,81.6,17,10,Fastened,No,86.5,21.3,No,79.9,62.2,51.4,,,,
2025-05-22 08:00:00,EXC001,OP1001,1371.0,5.7,92.1,8,10,Fastened,No,76.5,19.4,No,,61.0,,75.2,319.9,,
2025-05-22 08:00:00,LDR001,OP1002,881.0,1.2,71.0,0,18,Fastened,No,77.7,21.7,No,73.7,,,,,0,66.7
2025-05-22 09:00:00,DZR001,OP1002,2212.0,4.4,80.5,11,10,Fastened,No,80.9,24.8,No,77.9,72.4,52.0,,,,
2025-05-22 09:00:00,EXC001,OP1001,1372.0,4.8,90.9,14,4,Fastened,No,78.1,25.6,No,,63.3,,73.0,272.4,,
2025-05-22 09:00:00,LDR001,OP1002,882.0,4.6,69.9,6,5,Fastened,No,79.2,24.9,No,70.0,,,,,5834,61.5
2025-05-22 10:00:00,DZR001,OP1002,2213.0,6.6,78.9,10,2,Fastened,No,82.3,28.0,No,73.5,61.9,51.9,,,,
2025-05-22 10:00:00,EXC001,OP1001,1373.0,7.0,89.2,10,9,Fastened,No,82.7,28.2,No,,63.1,,80.8,258.4,,
2025-05-22 10:00:00,LDR001,OP1002,883.0,5.8,68.4,9,5,Fastened,No,80.5,27.6,No,81.3,,,,,5648,66.2
2025-05-22 11:00:00,DZR001,OP1002,2214.0,7.4,77.1,18,9,Fastened,No,88.4,31.0,No,87.0,73.5,50.7,,,,
2025-05-22 11:00:00,EXC001,OP1001,1374.0,5.7,87.8,14,9,Fastened,No,81.8,32.5,No,,71.8,,73.2,248.7,,
2025-05-22 11:00:00,LDR001,OP1002,884.0,4.9,67.2,12,9,Fastened,No,81.7,29.8,No,72.9,,,,,4862,67.2
2025-05-22 12:00:00,DZR001,OP1002,2215.0,2.5,76.5,0,24,Fastened,No,87.0,33.1,No,91.0,74.4,50.6,,,,
2025-05-22 12:00:00,EXC001,OP1001,1375.0,7.2,86.1,8,10,Fastened,No,83.2,33.2,No,,69.3,,80.2,311.4,,
2025-05-22 12:00:00,LDR001,OP1002,885.0,1.9,66.8,0,21,Fastened,No,82.0,33.6,No,83.4,,,,,0,70.7
2025-05-22 13:00:00,DZR001,OP1002,2216.0,5.3,75.2,6,10,Fastened,No,87.3,37.0,No,84.6,58.7,50.6,,,,
2025-05-22 13:00:00,EXC001,OP1001,1376.0,5.6,84.7,16,7,Fastened,No,93.1,36.2,No,,65.0,,86.1,310.8,,
2025-05-22 13:00:00,LDR001,OP1002,886.0,5.0,65.6,18,7,Fastened,No,90.2,35.0,No,80.9,,,,,5813,63.3
2025-05-22 14:00:00,DZR001,OP1002,2217.0,6.4,73.7,7,3,Fastened,No,86.5,34.5,No,78.3,64.2,51.5,,,,
2025-05-22 14:00:00,EXC001,OP1001,1377.0,2.0,84.2,0,29,Fastened,No,84.5,33.9,No,,71.0,,79.6,319.7,,
2025-05-22 14:00:00,LDR001,OP1002,887.0,4.1,64.6,14,7,Fastened,No,87.2,37.2,No,80.7,,,,,4885,60.6
2025-05-22 15:00:00,DZR001,OP1002,2218.0,6.3,72.1,15,3,Fastened,No,90.9,36.0,No,90.4,61.5,50.5,,,,
2025-05-22 15:00:00,EXC001,OP1001,1378.0,6.8,82.5,12,2,Fastened,No,85.4,33.3,No,,62.8,,80.8,287.9,,
2025-05-22 15:00:00,LDR001,OP1002,888.0,5.0,63.3,10,8,Fastened,No,84.9,32.9,No,79.4,,,,,5765,64.5
2025-05-23 07:00:00,DZR001,OP1002,2219.0,7.0,83.6,16,5,Fastened,No,84.4,15.7,No,80.6,58.7,50.8,,,,
2025-05-23 07:00:00,EXC001,OP1001,1379.0,1.5,80.1,0,14,Fastened,No,79.9,16.3,No,,77.8,,76.9,306.2,,
2025-05-23 07:00:00,LDR001,OP1002,889.0,5.8,93.3,17,6,Fastened,No,84.2,15.9,No,86.3,,,,,4438,63.4
2025-05-23 08:00:00,DZR001,OP1002,2220.0,5.4,82.3,10,10,Fastened,No,76.3,21.0,No,77.7,82.5,52.0,,,,
2025-05-23 08:00:00,EXC001,OP1001,1380.0,6.6,78.5,6,9,Fastened,No,78.7,18.1,No,,70.1,,75.0,255.7,,
2025-05-23 08:00:00,LDR001,OP1002,890.0,4.4,92.2,8,4,Fastened,No,81.3,19.9,No,77.5,,,,,4242,65.6
2025-05-23 09:00:00,DZR001,OP1002,2221.0,4.7,81.2,17,8,Fastened,No,88.7,25.3,No,81.1,78.1,51.8,,,,
2025-05-23 09:00:00,EXC001,OP1001,1381.0,4.5,77.4,8,11,Fastened,No,83.8,24.8,No,,84.7,,75.4,258.1,,
2025-05-23 09:00:00,LDR001,OP1002,891.0,5.3,90.9,10,3,Fastened,No,81.5,25.1,No,73.1,,,,,5482,69.4
2025-05-23 10:00:00,DZR001,OP1002,2222.0,1.9,80.7,0,40,Unfastened,Yes,79.7,27.0,No,72.4,72.8,50.5,,,,
2025-05-23 10:00:00,EXC001,OP1001,1382.0,1.3,77.1,0,19,Fastened,No,84.7,28.7,No,,70.0,,80.0,317.0,,
2025-05-23 10:00:00,LDR001,OP1002,892.0,5.8,89.5,6,8,Fastened,No,78.5,26.2,No,80.1,,,,,5856,65.8
2025-05-23 11:00:00,DZR001,OP1002,2223.0,2.7,80.0,0,47,Unfastened,Yes,82.5,31.3,No,85.3,68.9,51.5,,,,
2025-05-23 11:00:00,EXC001,OP1001,1383.0,5.6,75.7,11,10,Fastened,No,85.3,31.1,No,,71.7,,79.5,295.2,,
2025-05-23 11:00:00,LDR001,OP1002,893.0,4.3,88.4,17,5,Fastened,No,91.3,31.3,No,85.2,,,,,4327,63.7
2025-05-23 12:00:00,DZR001,OP1002,2224.0,2.3,79.5,0,50,Fastened,Yes,83.2,35.8,No,78.1,83.7,51.5,,,,
2025-05-23 12:00:00,EXC001,OP1001,1384.0,2.6,75.1,0,26,Fastened,No,85.4,34.6,No,,70.1,,84.0,253.6,,
2025-05-23 12:00:00,LDR001,OP1002,894.0,4.5,87.3,13,5,Fastened,No,86.0,35.7,No,82.4,,,,,5589,62.7
2025-05-23 13:00:00,DZR001,OP1002,2225.0,1.4,79.1,0,45,Fastened,No,84.2,36.0,No,83.7,68.7,50.8,,,,
2025-05-23 13:00:00,EXC001,OP1001,1385.0,5.0,73.9,9,9,Fastened,No,87.1,34.6,No,,63.8,,80.0,319.4,,
2025-05-23 13:00:00,LDR001,OP1002,895.0,1.2,87.0,0,19,Fastened,No,89.1,35.3,No,90.5,,,,,0,71.8
2025-05-23 14:00:00,DZR001,OP1002,2226.0,2.6,78.5,0,54,Fastened,Yes,89.2,35.4,No,91.9,61.0,50.9,,,,
2025-05-23 14:00:00,EXC001,OP1001,1386.0,5.0,72.7,13,4,Fastened,No,89.9,37.3,No,,68.4,,86.7,316.9,,
2025-05-23 14:00:00,LDR001,OP1002,896.0,3.0,86.3,0,20,Fastened,No,87.0,37.4,No,81.1,,,,,0,60.8
2025-05-23 15:00:00,DZR001,OP1002,2227.0,2.2,78.0,0,55,Fastened,Yes,87.5,32.5,No,91.1,73.0,50.4,,,,
2025-05-23 15:00:00,EXC001,OP1001,1387.0,5.8,71.2,9,7,Fastened,Yes,86.3,35.6,Yes,,58.7,,82.1,255.4,,
2025-05-23 15:00:00,LDR001,OP1002,897.0,1.3,86.0,0,20,Fastened,No,84.8,34.0,No,84.1,,,,,0,63.5
2025-05-24 07:00:00,DZR001,OP1002,2228.0,6.0,78.4,10,6,Fastened,No,77.2,15.3,No,79.6,60.5,50.8,,,,
2025-05-24 07:00:00,EXC001,OP1001,1388.0,4.2,90.3,15,6,Fastened,No,80.6,15.5,No,,84.0,,76.1,280.9,,
2025-05-24 07:00:00,LDR001,OP1002,898.0,7.5,83.8,7,10,Fastened,No,74.8,18.1,No,73.7,,,,,5786,64.7
2025-05-24 08:00:00,DZR001,OP1002,2229.0,4.2,77.3,11,6,Fastened,No,77.3,19.0,No,74.8,69.6,51.7,,,,
2025-05-24 08:00:00,EXC001,OP1001,1389.0,5.6,88.9,7,3,Fastened,No,76.9,20.8,No,,69.9,,67.2,319.6,,
2025-05-24 08:00:00,LDR001,OP1002,899.0,2.1,83.3,0,27,Fastened,No,78.0,19.2,No,78.6,,,,,0,60.6
2025-05-24 09:00:00,DZR001,OP1002,2230.0,6.9,75.7,16,11,Fastened,No,88.9,23.4,No,89.2,84.8,50.9,,,,
2025-05-24 09:00:00,EXC001,OP1001,1390.0,5.0,87.7,9,9,Fastened,No,79.5,25.3,No,,85.8,,71.8,263.1,,
2025-05-24 09:00:00,LDR001,OP1002,900.0,5.8,81.9,13,10,Fastened,No,83.5,22.9,No,76.6,,,,,4666,65.1
2025-05-24 10:00:00,DZR001,OP1002,2231.0,7.4,73.9,16,6,Fastened,No,89.9,28.1,No,86.5,56.9,51.5,,,,
2025-05-24 10:00:00,EXC001,OP1001,1391.0,6.2,86.2,18,7,Fastened,No,91.2,26.3,No,,84.8,,86.0,260.4,,
2025-05-24 10:00:00,LDR001,OP1002,901.0,7.3,80.1,14,11,Fastened,No,83.5,28.2,No,81.1,,,,,4542,62.2
2025-05-24 11:00:00,DZR001,OP1002,2232.0,6.2,72.3,12,12,Fastened,No,83.8,29.8,No,87.6,69.8,51.8,,,,
2025-05-24 11:00:00,EXC001,OP1001,1392.0,6.1,84.7,16,9,Fastened,No,92.6,32.6,No,,62.1,,85.7,254.8,,
2025-05-24 11:00:00,LDR001,OP1002,902.0,7.3,78.3,13,4,Fastened,No,82.3,30.1,No,79.4,,,,,5740,61.1
2025-05-24 12:00:00,DZR001,OP1002,2233.0,5.6,71.0,18,9,Fastened,No,91.4,35.0,No,95.4,84.3,52.3,,,,
2025-05-24 12:00:00,EXC001,OP1001,1393.0,6.1,83.2,6,10,Fastened,No,82.6,35.4,No,,71.7,,74.5,272.2,,
2025-05-24 12:00:00,LDR001,OP1002,903.0,4.9,77.1,11,3,Fastened,No,89.3,35.9,No,81.7,,,,,5796,62.4
2025-05-24 13:00:00,DZR001,OP1002,2234.0,4.5,69.9,17,8,Fastened,No,88.4,34.0,No,83.5,65.9,50.6,,,,
2025-05-24 13:00:00,EXC001,OP1001,1394.0,5.8,81.8,11,7,Fastened,No,87.0,35.2,No,,87.0,,85.7,289.5,,
2025-05-24 13:00:00,LDR001,OP1002,904.0,4.1,76.1,7,5,Fastened,No,88.7,35.3,No,81.8,,,,,4647,67.2
2025-05-24 14:00:00,DZR001,OP1002,2235.0,6.2,68.4,9,4,Fastened,No,86.4,36.6,No,81.0,78.8,52.1,,,,
2025-05-24 14:00:00,EXC001,OP1001,1395.0,5.0,80.6,16,12,Fastened,No,89.6,36.2,No,,87.0,,85.0,317.6,,
2025-05-24 14:00:00,LDR001,OP1002,905.0,5.4,74.8,11,9,Fastened,No,83.6,33.9,No,82.9,,,,,5374,66.4
2025-05-24 15:00:00,DZR001,OP1002,2236.0,5.9,66.9,7,5,Fastened,No,84.8,35.0,No,88.3,57.3,51.6,,,,
2025-05-24 15:00:00,EXC001,OP1001,1396.0,5.6,79.2,18,5,Fastened,No,95.1,36.2,No,,72.6,,84.2,304.6,,
2025-05-24 15:00:00,LDR001,OP1002,906.0,4.1,73.8,10,12,Fastened,No,83.5,33.7,No,73.6,,,,,5083,70.4
2025-05-25 07:00:00,DZR001,OP1002,2237.0,4.8,96.1,14,11,Fastened,No,73.9,14.6,No,65.6,73.1,51.1,,,,
2025-05-25 07:00:00,EXC001,OP1001,1397.0,6.7,90.7,17,5,Fastened,Yes,81.7,16.8,Yes,,65.5,,80.1,291.9,,
2025-05-25 07:00:00,LDR001,OP1002,907.0,5.2,77.8,9,6,Fastened,No,75.9,17.7,No,76.2,,,,,5241,60.5
2025-05-25 08:00:00,DZR001,OP1002,2238.0,7.2,94.3,8,9,Fastened,No,77.4,19.7,No,82.1,81.9,51.4,,,,
2025-05-25 08:00:00,EXC001,OP1001,1398.0,1.9,90.2,0,42,Unfastened,Yes,79.4,20.3,No,,72.9,,73.0,256.6,,
2025-05-25 08:00:00,LDR001,OP1002,908.0,5.4,76.5,9,9,Fastened,No,81.1,20.7,No,73.7,,,,,4278,61.5
2025-05-25 09:00:00,DZR001,OP1002,2239.0,6.6,92.7,6,10,Fastened,No,83.0,23.9,No,79.0,76.4,52.6,,,,
2025-05-25 09:00:00,EXC001,OP1001,1399.0,4.5,89.1,6,8,Fastened,No,81.0,25.4,No,,68.2,,76.3,311.6,,
2025-05-25 09:00:00,LDR001,OP1002,909.0,1.3,76.1,0,29,Fastened,No,81.8,25.5,No,84.5,,,,,0,66.0
2025-05-25 10:00:00,DZR001,OP1002,2240.0,6.7,91.1,11,2,Fastened,No,80.4,28.7,No,77.2,74.0,51.6,,,,
2025-05-25 10:00:00,EXC001,OP1001,1400.0,4.4,88.0,14,7,Unfastened,Yes,80.3,28.9,Yes,,61.6,,77.1,268.9,,
2025-05-25 10:00:00,LDR001,OP1002,910.0,6.2,74.6,15,7,Fastened,No,92.3,29.2,No,90.5,,,,,5026,71.4
2025-05-25 11:00:00,DZR001,OP1002,2241.0,6.4,89.5,13,7,Fastened,No,82.2,31.5,No,73.8,59.7,52.0,,,,
2025-05-25 11:00:00,EXC001,OP1001,1401.0,6.8,86.4,12,10,Fastened,No,80.2,30.0,No,,76.8,,73.9,278.2,,
2025-05-25 11:00:00,LDR001,OP1002,911.0,7.3,72.8,6,3,Fastened,No,85.9,33.6,No,85.8,,,,,5578,70.0
2025-05-25 12:00:00,DZR001,OP1002,2242.0,5.6,88.1,10,5,Fastened,No,84.8,36.1,No,88.7,74.7,50.7,,,,
2025-05-25 12:00:00,EXC001,OP1001,1402.0,5.8,84.9,9,7,Unfastened,Yes,83.4,34.6,No,,74.5,,79.5,298.9,,
2025-05-25 12:00:00,LDR001,OP1002,912.0,6.3,71.3,15,5,Fastened,No,90.9,33.3,No,91.7,,,,,5711,70.4
2025-05-25 13:00:00,DZR001,OP1002,2243.0,4.2,87.1,11,11,Fastened,No,84.0,34.2,No,83.2,68.4,51.2,,,,
2025-05-25 13:00:00,EXC001,OP1001,1403.0,4.4,83.9,15,4,Fastened,No,95.1,35.2,No,,64.5,,86.2,281.3,,
2025-05-25 13:00:00,LDR001,OP1002,913.0,7.5,69.5,10,8,Fastened,No,88.3,35.8,No,81.9,,,,,4096,64.9
2025-05-25 14:00:00,DZR001,OP1002,2244.0,5.8,85.7,14,6,Fastened,No,85.2,33.9,No,80.7,63.9,50.7,,,,
2025-05-25 14:00:00,EXC001,OP1001,1404.0,5.8,82.5,8,5,Unfastened,Yes,86.8,36.1,No,,78.2,,80.0,264.0,,
2025-05-25 14:00:00,LDR001,OP1002,914.0,4.5,68.4,10,5,Fastened,No,86.2,34.1,No,84.4,,,,,4549,67.7
2025-05-25 15:00:00,DZR001,OP1002,2245.0,5.1,84.4,11,12,Fastened,No,84.8,34.0,No,80.7,76.3,52.1,,,,
2025-05-25 15:00:00,EXC001,OP1001,1405.0,2.7,81.8,0,40,Fastened,No,88.0,35.5,No,,82.9,,81.5,269.6,,
2025-05-25 15:00:00,LDR001,OP1002,915.0,5.5,67.0,18,10,Fastened,No,93.1,36.3,No,91.3,,,,,4448,62.3
2025-05-26 07:00:00,DZR001,OP1002,2246.0,5.1,85.9,16,4,Fastened,No,85.1,15.2,No,79.9,74.2,51.6,,,,
2025-05-26 07:00:00,EXC001,OP1001,1406.0,6.8,93.2,16,6,Fastened,Yes,82.5,18.3,Yes,,81.2,,78.6,306.9,,
2025-05-26 07:00:00,LDR001,OP1002,916.0,6.0,79.3,10,7,Unfastened,Yes,79.8,15.0,No,76.6,,,,,4320,68.4
2025-05-26 08:00:00,DZR001,OP1002,2247.0,6.8,84.3,16,11,Fastened,Yes,86.3,19.4,Yes,82.7,63.3,51.8,,,,
2025-05-26 08:00:00,EXC001,OP1001,1407.0,6.8,91.5,17,8,Fastened,No,81.7,20.5,No,,86.8,,73.6,267.1,,
2025-05-26 08:00:00,LDR001,OP1002,917.0,5.5,78.0,6,6,Unfastened,Yes,80.4,21.4,Yes,76.0,,,,,5284,62.2
2025-05-26 09:00:00,DZR001,OP1002,2248.0,1.7,83.9,0,23,Fastened,No,77.6,22.2,No,72.3,57.3,50.8,,,,
2025-05-26 09:00:00,EXC001,OP1001,1408.0,4.0,90.6,7,3,Fastened,No,78.3,24.4,No,,63.1,,76.6,315.2,,
2025-05-26 09:00:00,LDR001,OP1002,918.0,6.2,76.5,10,7,Unfastened,Yes,78.9,22.5,No,73.2,,,,,4708,69.2
2025-05-26 10:00:00,DZR001,OP1002,2249.0,6.4,82.3,12,5,Fastened,Yes,79.9,26.8,Yes,83.9,71.2,52.3,,,,
2025-05-26 10:00:00,EXC001,OP1001,1409.0,4.1,89.6,15,6,Fastened,No,87.3,29.9,No,,80.4,,84.6,302.0,,
2025-05-26 10:00:00,LDR001,OP1002,919.0,4.5,75.4,8,7,Unfastened,Yes,81.9,30.0,No,84.7,,,,,4144,69.4
2025-05-26 11:00:00,DZR001,OP1002,2250.0,7.1,80.6,9,11,Fastened,No,83.5,32.2,No,74.7,77.3,51.7,,,,
2025-05-26 11:00:00,EXC001,OP1001,1410.0,5.4,88.2,13,5,Fastened,No,82.0,30.6,No,,59.1,,73.6,282.5,,
2025-05-26 11:00:00,LDR001,OP1002,920.0,5.9,73.9,14,5,Unfastened,Yes,81.5,30.0,No,82.0,,,,,5552,65.0
2025-05-26 12:00:00,DZR001,OP1002,2251.0,6.1,79.1,15,4,Fastened,No,88.8,35.0,No,91.8,83.9,52.2,,,,
2025-05-26 12:00:00,EXC001,OP1001,1411.0,2.3,87.7,0,27,Fastened,No,85.2,33.9,No,,72.8,,77.7,245.9,,
2025-05-26 12:00:00,LDR001,OP1002,921.0,5.3,72.6,7,6,Fastened,Yes,83.1,34.5,Yes,83.6,,,,,4168,61.3
2025-05-26 13:00:00,DZR001,OP1002,2252.0,6.8,77.4,8,6,Fastened,No,83.9,36.9,No,87.6,63.5,51.1,,,,
2025-05-26 13:00:00,EXC001,OP1001,1412.0,4.8,86.5,11,10,Fastened,No,84.9,34.6,No,,68.8,,74.1,287.0,,
2025-05-26 13:00:00,LDR001,OP1002,922.0,5.6,71.3,12,8,Fastened,No,87.3,35.0,No,82.2,,,,,3899,71.4
2025-05-26 14:00:00,DZR001,OP1002,2253.0,6.4,75.9,17,7,Fastened,No,93.5,34.9,No,85.6,69.0,52.1,,,,
2025-05-26 14:00:00,EXC001,OP1001,1413.0,5.2,85.2,16,4,Fastened,No,89.5,35.4,No,,69.2,,82.9,264.0,,
2025-05-26 14:00:00,LDR001,OP1002,923.0,5.5,69.9,14,10,Fastened,No,85.4,35.0,No,84.1,,,,,4785,67.7
2025-05-26 15:00:00,DZR001,OP1002,2254.0,7.3,74.1,17,2,Fastened,No,94.3,33.5,No,96.8,74.4,52.0,,,,
2025-05-26 15:00:00,EXC001,OP1001,1414.0,5.7,83.8,6,8,Fastened,No,82.8,33.0,No,,75.9,,74.4,303.0,,
2025-05-26 15:00:00,LDR001,OP1002,924.0,2.1,69.4,0,46,Fastened,Yes,83.6,35.4,No,84.4,,,,,0,63.1
2025-05-27 07:00:00,DZR001,OP1002,2255.0,1.6,95.6,0,18,Fastened,No,77.4,15.4,No,68.6,59.8,52.9,,,,
2025-05-27 07:00:00,EXC001,OP1001,1415.0,6.8,70.8,18,8,Fastened,No,83.1,16.3,No,,76.8,,74.6,255.3,,
2025-05-27 07:00:00,LDR001,OP1002,925.0,3.0,93.7,0,16,Fastened,No,74.1,15.8,No,64.3,,,,,0,66.9
2025-05-27 08:00:00,DZR001,OP1002,2256.0,2.5,95.0,0,19,Fastened,No,79.7,18.4,No,82.6,64.8,51.7,,,,
2025-05-27 08:00:00,EXC001,OP1001,1416.0,1.2,70.5,0,17,Fastened,No,76.8,18.7,No,,87.2,,66.8,279.1,,
2025-05-27 08:00:00,LDR001,OP1002,926.0,1.4,93.4,0,23,Fastened,No,75.6,19.0,No,74.9,,,,,0,61.4
2025-05-27 09:00:00,DZR001,OP1002,2257.0,6.3,93.5,17,9,Fastened,No,90.3,25.9,No,84.5,58.6,51.6,,,,
2025-05-27 09:00:00,EXC001,OP1001,1417.0,2.9,69.8,0,17,Fastened,No,82.0,24.7,No,,68.3,,77.4,286.4,,
2025-05-27 09:00:00,LDR001,OP1002,927.0,4.4,92.3,7,12,Fastened,No,79.4,24.8,No,71.9,,,,,4013,71.8
2025-05-27 10:00:00,DZR001,OP1002,2258.0,1.7,93.1,0,24,Fastened,No,82.8,29.9,No,87.0,59.7,52.7,,,,
2025-05-27 10:00:00,EXC001,OP1001,1418.0,5.6,68.4,18,3,Fastened,No,91.0,29.6,No,,60.2,,87.4,258.6,,
2025-05-27 10:00:00,LDR001,OP1002,928.0,4.0,91.3,15,2,Fastened,No,87.6,29.7,No,86.2,,,,,5715,69.6
2025-05-27 11:00:00,DZR001,OP1002,2259.0,7.2,91.3,17,2,Fastened,No,90.8,29.7,No,85.2,81.0,51.1,,,,
2025-05-27 11:00:00,EXC001,OP1001,1419.0,4.2,67.4,16,2,Fastened,No,88.6,30.7,No,,58.4,,84.2,317.8,,
2025-05-27 11:00:00,LDR001,OP1002,929.0,7.1,89.6,7,11,Fastened,Yes,84.9,30.2,Yes,83.3,,,,,3870,61.1
2025-05-27 12:00:00,DZR001,OP1002,2260.0,1.6,90.9,0,19,Fastened,No,87.7,32.9,No,79.3,76.6,50.9,,,,
2025-05-27 12:00:00,EXC001,OP1001,1420.0,5.9,66.0,14,7,Fastened,No,84.6,35.5,No,,77.6,,74.3,298.9,,
2025-05-27 12:00:00,LDR001,OP1002,930.0,5.6,88.2,18,8,Fastened,No,89.2,33.5,No,86.0,,,,,3933,67.9
2025-05-27 13:00:00,DZR001,OP1002,2261.0,6.0,89.5,7,3,Fastened,No,84.8,36.0,No,89.3,72.9,52.6,,,,
2025-05-27 13:00:00,EXC001,OP1001,1421.0,5.8,64.6,7,11,Fastened,No,83.0,34.5,No,,68.0,,74.5,258.3,,
2025-05-27 13:00:00,LDR001,OP1002,931.0,6.4,86.7,13,7,Fastened,No,88.7,34.3,No,79.4,,,,,5418,64.8
2025-05-27 14:00:00,DZR001,OP1002,2262.0,6.1,88.0,16,5,Fastened,No,91.2,37.6,No,85.1,60.0,52.2,,,,
2025-05-27 14:00:00,EXC001,OP1001,1422.0,6.2,63.0,7,3,Fastened,No,84.3,36.6,No,,79.3,,78.9,316.1,,
2025-05-27 14:00:00,LDR001,OP1002,932.0,4.8,85.5,17,8,Fastened,No,93.5,34.7,No,90.1,,,,,4334,69.4
2025-05-27 15:00:00,DZR001,OP1002,2263.0,7.0,86.3,8,5,Fastened,No,84.1,32.9,No,88.7,83.7,51.3,,,,
2025-05-27 15:00:00,EXC001,OP1001,1423.0,4.2,62.0,8,6,Fastened,No,88.7,35.2,No,,71.4,,83.9,307.6,,
2025-05-27 15:00:00,LDR001,OP1002,933.0,5.8,84.1,17,3,Fastened,No,93.8,35.6,No,95.8,,,,,4821,63.2
2025-05-28 07:00:00,DZR001,OP1002,2264.0,4.2,78.7,17,7,Fastened,No,87.0,18.0,No,82.7,61.9,51.6,,,,
2025-05-28 07:00:00,EXC001,OP1001,1424.0,2.5,82.0,0,26,Fastened,No,79.6,15.5,No,,80.3,,72.7,311.0,,
2025-05-28 07:00:00,LDR001,OP1002,934.0,7.0,89.1,6,4,Fastened,No,77.6,16.3,No,73.2,,,,,5110,66.3
2025-05-28 08:00:00,DZR001,OP1002,2265.0,6.2,77.2,13,4,Fastened,No,76.2,20.6,No,74.7,81.5,51.2,,,,
2025-05-28 08:00:00,EXC001,OP1001,1425.0,7.1,80.3,6,5,Fastened,No,80.0,20.7,No,,83.6,,71.0,303.1,,
2025-05-28 08:00:00,LDR001,OP1002,935.0,2.5,88.5,0,19,Fastened,No,79.9,20.5,No,76.8,,,,,0,68.6
2025-05-28 09:00:00,DZR001,OP1002,2266.0,5.6,75.8,16,3,Fastened,No,84.1,23.5,No,84.3,72.1,53.0,,,,
2025-05-28 09:00:00,EXC001,OP1001,1426.0,7.4,78.5,18,7,Fastened,No,85.0,23.5,No,,78.5,,78.7,305.3,,
2025-05-28 09:00:00,LDR001,OP1002,936.0,5.6,87.1,16,10,Fastened,No,89.6,25.9,No,91.9,,,,,5699,66.9
2025-05-28 10:00:00,DZR001,OP1002,2267.0,6.3,74.3,7,4,Fastened,No,79.2,27.0,No,80.0,83.2,52.8,,,,
2025-05-28 10:00:00,EXC001,OP1001,1427.0,5.6,77.1,15,4,Fastened,No,92.5,29.7,No,,75.2,,83.7,249.7,,
2025-05-28 10:00:00,LDR001,OP1002,937.0,1.3,86.8,0,22,Fastened,No,81.0,27.2,No,72.2,,,,,0,65.7
2025-05-28 11:00:00,DZR001,OP1002,2268.0,4.5,73.2,10,5,Fastened,No,87.4,32.1,No,80.9,73.7,52.2,,,,
2025-05-28 11:00:00,EXC001,OP1001,1428.0,4.6,76.0,6,10,Fastened,No,80.8,30.3,No,,74.3,,73.2,306.7,,
2025-05-28 11:00:00,LDR001,OP1002,938.0,5.3,85.5,13,3,Fastened,No,80.5,30.0,No,76.0,,,,,4486,60.1
2025-05-28 12:00:00,DZR001,OP1002,2269.0,4.4,72.1,10,7,Fastened,No,87.3,34.4,No,90.5,72.7,52.1,,,,
2025-05-28 12:00:00,EXC001,OP1001,1429.0,6.8,74.4,15,5,Fastened,No,87.9,32.7,No,,68.8,,81.4,312.1,,
2025-05-28 12:00:00,LDR001,OP1002,939.0,5.7,84.1,16,5,Fastened,No,91.1,35.0,No,83.4,,,,,4135,65.8
2025-05-28 13:00:00,DZR001,OP1002,2270.0,6.0,70.7,6,8,Fastened,No,88.9,37.0,No,86.0,74.1,51.3,,,,
2025-05-28 13:00:00,EXC001,OP1001,1430.0,6.2,72.8,15,9,Fastened,No,93.3,35.4,No,,75.5,,84.7,305.2,,
2025-05-28 13:00:00,LDR001,OP1002,940.0,1.9,83.6,0,27,Fastened,No,88.0,35.9,No,79.9,,,,,0,62.9
2025-05-28 14:00:00,DZR001,OP1002,2271.0,5.7,69.3,16,3,Fastened,No,94.3,37.4,No,95.0,81.5,52.5,,,,
2025-05-28 14:00:00,EXC001,OP1001,1431.0,7.3,71.1,9,7,Fastened,No,83.9,37.5,No,,66.6,,77.7,248.8,,
2025-05-28 14:00:00,LDR001,OP1002,941.0,5.4,82.3,15,10,Fastened,No,92.7,35.7,No,85.3,,,,,4710,64.2
2025-05-28 15:00:00,DZR001,OP1002,2272.0,5.9,67.8,6,2,Fastened,No,83.5,33.4,No,79.5,78.6,52.4,,,,
2025-05-28 15:00:00,EXC001,OP1001,1432.0,5.3,69.8,13,7,Fastened,No,85.3,32.5,No,,72.2,,80.5,257.5,,
2025-05-28 15:00:00,LDR001,OP1002,942.0,5.3,81.0,9,2,Fastened,No,85.7,34.7,No,84.2,,,,,5109,66.7
2025-05-29 07:00:00,DZR001,OP1002,2273.0,5.1,72.7,12,9,Fastened,No,73.8,15.8,No,78.1,59.4,52.6,,,,
2025-05-29 07:00:00,EXC001,OP1001,1433.0,4.9,94.9,14,3,Fastened,No,79.1,15.1,No,,67.8,,70.5,294.8,,
2025-05-29 07:00:00,LDR001,OP1002,943.0,6.7,80.1,7,7,Fastened,No,73.7,16.0,No,75.2,,,,,3949,69.6
2025-05-29 08:00:00,DZR001,OP1002,2274.0,1.7,72.2,0,29,Fastened,No,75.0,18.8,No,66.5,77.9,51.7,,,,
2025-05-29 08:00:00,EXC001,OP1001,1434.0,6.8,93.2,10,7,Fastened,Yes,74.5,17.9,Yes,,75.5,,72.5,311.2,,
2025-05-29 08:00:00,LDR001,OP1002,944.0,4.7,79.0,12,7,Fastened,No,76.8,20.0,No,69.1,,,,,3846,64.8
2025-05-29 09:00:00,DZR001,OP1002,2275.0,4.1,71.2,15,12,Fastened,No,88.8,23.3,No,84.8,69.8,52.3,,,,
2025-05-29 09:00:00,EXC001,OP1001,1435.0,4.3,92.2,18,10,Fastened,No,86.2,22.4,No,,69.3,,80.2,283.8,,
2025-05-29 09:00:00,LDR001,OP1002,945.0,2.6,78.3,0,19,Fastened,No,82.3,23.1,No,80.5,,,,,0,66.2
2025-05-29 10:00:00,DZR001,OP1002,2276.0,6.9,69.6,17,11,Fastened,No,88.2,27.3,No,90.3,66.6,51.4,,,,
2025-05-29 10:00:00,EXC001,OP1001,1436.0,1.6,91.8,0,16,Fastened,No,82.5,28.5,No,,62.2,,73.4,270.4,,
2025-05-29 10:00:00,LDR001,OP1002,946.0,6.2,76.8,13,4,Fastened,No,83.6,29.1,No,83.9,,,,,4469,63.9
2025-05-29 11:00:00,DZR001,OP1002,2277.0,7.0,67.9,16,6,Fastened,Yes,88.6,31.1,Yes,89.0,57.3,52.5,,,,
2025-05-29 11:00:00,EXC001,OP1001,1437.0,4.9,90.6,18,3,Fastened,No,91.9,31.5,No,,87.3,,82.4,282.1,,
2025-05-29 11:00:00,LDR001,OP1002,947.0,5.5,75.5,18,7,Fastened,No,91.2,32.0,No,90.5,,,,,5507,64.1
2025-05-29 12:00:00,DZR001,OP1002,2278.0,4.2,66.8,14,5,Fastened,No,87.0,34.1,No,84.2,75.6,52.9,,,,
2025-05-29 12:00:00,EXC001,OP1001,1438.0,7.3,88.8,12,8,Fastened,No,87.1,35.3,No,,80.5,,80.9,245.2,,
2025-05-29 12:00:00,LDR001,OP1002,948.0,6.3,74.0,7,8,Fastened,No,83.7,34.3,No,86.5,,,,,4415,67.9
2025-05-29 13:00:00,DZR001,OP1002,2279.0,6.0,65.4,10,5,Fastened,No,88.1,34.8,No,90.6,84.2,52.5,,,,
2025-05-29 13:00:00,EXC001,OP1001,1439.0,6.6,87.2,13,7,Fastened,No,87.1,36.5,No,,80.6,,83.8,273.8,,
2025-05-29 13:00:00,LDR001,OP1002,949.0,5.1,72.7,8,11,Fastened,No,89.9,37.8,No,89.6,,,,,4231,67.7
2025-05-29 14:00:00,DZR001,OP1002,2280.0,6.9,63.7,14,2,Fastened,No,88.9,35.7,No,83.9,73.8,51.6,,,,
2025-05-29 14:00:00,EXC001,OP1001,1440.0,5.1,85.9,16,3,Fastened,No,96.1,37.3,No,,58.4,,93.7,260.2,,
2025-05-29 14:00:00,LDR001,OP1002,950.0,5.3,71.4,8,6,Fastened,No,85.3,37.6,No,78.7,,,,,4774,63.3
2025-05-29 15:00:00,DZR001,OP1002,2281.0,6.9,62.0,11,5,Fastened,No,84.9,34.4,No,82.0,73.5,51.5,,,,
2025-05-29 15:00:00,EXC001,OP1001,1441.0,7.4,84.1,11,3,Fastened,No,85.9,34.9,No,,65.3,,77.1,266.9,,
2025-05-29 15:00:00,LDR001,OP1002,951.0,5.2,70.1,7,6,Fastened,No,84.5,33.9,No,83.2,,,,,4754,69.4
2025-05-30 07:00:00,DZR001,OP1002,2282.0,2.7,97.5,0,21,Fastened,No,78.4,17.2,No,70.3,65.5,52.2,,,,
2025-05-30 07:00:00,EXC001,OP1001,1442.0,7.4,97.5,18,5,Fastened,No,83.5,17.9,No,,77.2,,72.8,311.2,,
2025-05-30 07:00:00,LDR001,OP1002,952.0,6.5,79.9,18,12,Fastened,No,84.8,16.5,No,86.6,,,,,4467,64.4
2025-05-30 08:00:00,DZR001,OP1002,2283.0,4.7,96.4,6,4,Fastened,No,82.5,21.5,No,76.5,57.1,52.3,,,,
2025-05-30 08:00:00,EXC001,OP1001,1443.0,7.3,95.7,8,4,Fastened,No,80.0,19.2,No,,63.5,,69.9,312.2,,
2025-05-30 08:00:00,LDR001,OP1002,953.0,2.6,79.3,0,21,Fastened,No,81.4,20.7,No,82.5,,,,,0,65.7
2025-05-30 09:00:00,DZR001,OP1002,2284.0,4.6,95.3,12,3,Fastened,No,79.0,24.0,No,82.3,83.4,52.2,,,,
2025-05-30 09:00:00,EXC001,OP1001,1444.0,4.6,94.6,9,5,Fastened,No,79.8,25.7,No,,77.2,,74.4,248.3,,
2025-05-30 09:00:00,LDR001,OP1002,954.0,5.6,77.9,7,10,Fastened,No,82.3,23.4,No,75.8,,,,,4959,71.1
2025-05-30 10:00:00,DZR001,OP1002,2285.0,4.1,94.3,6,6,Fastened,No,83.1,26.5,No,79.7,57.2,51.5,,,,
2025-05-30 10:00:00,EXC001,OP1001,1445.0,4.2,93.5,6,6,Fastened,No,79.2,27.8,No,,73.4,,76.2,288.6,,
2025-05-30 10:00:00,LDR001,OP1002,955.0,5.1,76.7,6,3,Fastened,No,86.1,28.6,No,87.3,,,,,3997,61.6
2025-05-30 11:00:00,DZR001,OP1002,2286.0,2.5,93.7,0,15,Fastened,No,81.6,33.2,No,73.9,78.8,52.3,,,,
2025-05-30 11:00:00,EXC001,OP1001,1446.0,6.5,92.0,13,2,Fastened,No,81.2,30.8,No,,62.8,,72.7,297.8,,
2025-05-30 11:00:00,LDR001,OP1002,956.0,2.7,76.0,0,27,Fastened,No,86.7,33.6,No,83.6,,,,,0,67.6
2025-05-30 12:00:00,DZR001,OP1002,2287.0,6.2,92.2,9,11,Fastened,No,85.9,33.5,No,88.6,57.5,52.4,,,,
2025-05-30 12:00:00,EXC001,OP1001,1447.0,1.2,91.7,0,20,Fastened,No,84.8,34.7,No,,62.1,,78.5,270.5,,
2025-05-30 12:00:00,LDR001,OP1002,957.0,4.7,74.9,12,10,Fastened,No,88.0,33.7,No,90.0,,,,,3912,66.6
2025-05-30 13:00:00,DZR001,OP1002,2288.0,7.5,90.3,13,4,Fastened,No,88.6,34.6,No,84.8,69.1,52.7,,,,
2025-05-30 13:00:00,EXC001,OP1001,1448.0,5.0,90.4,10,8,Fastened,No,82.1,34.5,No,,68.5,,73.5,308.6,,
2025-05-30 13:00:00,LDR001,OP1002,958.0,5.2,73.6,15,11,Fastened,No,94.9,37.2,No,95.4,,,,,4698,61.0
2025-05-30 14:00:00,DZR001,OP1002,2289.0,7.2,88.6,10,9,Fastened,No,89.4,36.9,No,94.2,82.6,53.0,,,,
2025-05-30 14:00:00,EXC001,OP1001,1449.0,6.9,88.8,9,7,Fastened,No,84.9,35.6,No,,71.1,,81.6,252.5,,
2025-05-30 14:00:00,LDR001,OP1002,959.0,2.7,72.9,0,30,Fastened,Yes,83.7,34.4,Yes,80.8,,,,,0,65.8
2025-05-30 15:00:00,DZR001,OP1002,2290.0,1.2,88.3,0,25,Fastened,No,85.2,34.2,No,85.0,77.9,51.4,,,,
2025-05-30 15:00:00,EXC001,OP1001,1450.0,6.5,87.2,8,10,Fastened,No,82.8,36.2,No,,83.9,,72.7,247.5,,
2025-05-30 15:00:00,LDR001,OP1002,960.0,5.4,71.6,17,12,Fastened,No,89.6,33.2,No,81.4,,,,,5779,66.7
